dim,method,metric,mean,std,n_seeds
2.0,gaussian_fm,angular_sw_bin0,0.0444874,0.00292739,3
2.0,gaussian_fm,angular_sw_bin1,0.0396702,0.0141006,3
2.0,gaussian_fm,angular_sw_bin2,0.0306225,0.00585012,3
2.0,gaussian_fm,angular_sw_bin3,0.0235211,0.0134585,3
2.0,gaussian_fm,angular_sw_mean,0.0345753,0.00549204,3
2.0,gaussian_fm,exploding_norm_rate,0,0,3
2.0,gaussian_fm,invalid_rate,0,0,3
2.0,gaussian_fm,ks_stat,0.0117667,0.00307064,3
2.0,gaussian_fm,mmd,0.000205795,8.81796e-05,3
2.0,gaussian_fm,nan_rate,0,0,3
2.0,gaussian_fm,nfe,512,0,3
2.0,gaussian_fm,q950_err,0.017316,0.0131826,3
2.0,gaussian_fm,q990_err,0.0431259,0.0430243,3
2.0,gaussian_fm,q995_err,0.0659041,0.0737413,3
2.0,gaussian_fm,radial_w1,0.0132047,0.0023675,3
2.0,gaussian_fm,sample_time_s,0.135363,0.00680183,3
2.0,gaussian_fm,sliced_w1,0.017187,0.00279353,3
2.0,gaussian_fm,tail_exc_95,0.00273333,0.00204179,3
2.0,gaussian_fm,tail_exc_99,0.00126667,0.00126842,3
2.0,gaussian_fm,total_train_time_s,17.1979,0.0559677,3
2.0,rafm_empirical,angular_sw_bin0,0.816925,0.0110739,2
2.0,rafm_empirical,angular_sw_bin1,0.865393,0.0155567,2
2.0,rafm_empirical,angular_sw_bin2,0.867257,0.0180612,3
2.0,rafm_empirical,angular_sw_bin3,0.686778,0.0919393,3
2.0,rafm_empirical,angular_sw_mean,0.80857,0.022487,3
2.0,rafm_empirical,exploding_norm_rate,0,0,3
2.0,rafm_empirical,invalid_rate,0,0,3
2.0,rafm_empirical,ks_stat,0.2681,0.305171,3
2.0,rafm_empirical,mmd,0.344202,0.133404,3
2.0,rafm_empirical,nan_rate,0,0,3
2.0,rafm_empirical,nfe,512,0,3
2.0,rafm_empirical,q950_err,0.0350257,0.0367912,3
2.0,rafm_empirical,q990_err,0.0264252,0.0124549,3
2.0,rafm_empirical,q995_err,0.0548826,0.0138721,3
2.0,rafm_empirical,radial_w1,0.133975,0.169631,3
2.0,rafm_empirical,sample_time_s,0.282564,0.0193142,3
2.0,rafm_empirical,sliced_w1,0.466675,0.102506,3
2.0,rafm_empirical,tail_exc_95,0.00453333,0.00510446,3
2.0,rafm_empirical,tail_exc_99,0.000566667,0.000188562,3
2.0,rafm_empirical,total_train_time_s,65.0912,0.0750111,3
2.0,rafm_oracle,angular_sw_bin0,0.840301,0.0081445,2
2.0,rafm_oracle,angular_sw_bin1,0.862062,0.0117574,2
2.0,rafm_oracle,angular_sw_bin2,0.861297,0.016893,3
2.0,rafm_oracle,angular_sw_bin3,0.683609,0.0847819,3
2.0,rafm_oracle,angular_sw_mean,0.807997,0.0191393,3
2.0,rafm_oracle,exploding_norm_rate,0,0,3
2.0,rafm_oracle,invalid_rate,0,0,3
2.0,rafm_oracle,ks_stat,0.2692,0.304156,3
2.0,rafm_oracle,mmd,0.349241,0.135829,3
2.0,rafm_oracle,nan_rate,0,0,3
2.0,rafm_oracle,nfe,512,0,3
2.0,rafm_oracle,q950_err,0.0447315,0.0224676,3
2.0,rafm_oracle,q990_err,0.0298049,0.00916548,3
2.0,rafm_oracle,q995_err,0.0183785,0.00997328,3
2.0,rafm_oracle,radial_w1,0.132101,0.169181,3
2.0,rafm_oracle,sample_time_s,0.281243,0.0438406,3
2.0,rafm_oracle,sliced_w1,0.468389,0.0908378,3
2.0,rafm_oracle,tail_exc_95,0.00693333,0.00383087,3
2.0,rafm_oracle,tail_exc_99,0.00156667,0.000492161,3
2.0,rafm_oracle,total_train_time_s,66.8402,1.53096,3
2.0,source_only_empirical,angular_sw_bin0,0.078143,0.0212344,3
2.0,source_only_empirical,angular_sw_bin1,0.0940598,0.0330377,3
2.0,source_only_empirical,angular_sw_bin2,0.0333225,0.0151102,3
2.0,source_only_empirical,angular_sw_bin3,0.0175951,0.002988,3
2.0,source_only_empirical,angular_sw_mean,0.0557801,0.0170633,3
2.0,source_only_empirical,exploding_norm_rate,0,0,3
2.0,source_only_empirical,invalid_rate,0,0,3
2.0,source_only_empirical,ks_stat,0.0243,0.0053796,3
2.0,source_only_empirical,mmd,0.000794848,0.000659561,3
2.0,source_only_empirical,nan_rate,0,0,3
2.0,source_only_empirical,nfe,512,0,3
2.0,source_only_empirical,q950_err,0.0249102,0.00106386,3
2.0,source_only_empirical,q990_err,0.0311964,0.0140454,3
2.0,source_only_empirical,q995_err,0.0600184,0.00912129,3
2.0,source_only_empirical,radial_w1,0.018637,0.00179907,3
2.0,source_only_empirical,sample_time_s,0.168861,0.0024978,3
2.0,source_only_empirical,sliced_w1,0.0230546,0.0068758,3
2.0,source_only_empirical,tail_exc_95,0.00333333,0.000758653,3
2.0,source_only_empirical,tail_exc_99,0.000966667,0.000262467,3
2.0,source_only_empirical,total_train_time_s,18.2248,0.128208,3
8.0,gaussian_fm,angular_sw_bin0,0.0170685,0.00530943,3
8.0,gaussian_fm,angular_sw_bin1,0.0195149,0.00439173,3
8.0,gaussian_fm,angular_sw_bin2,0.0210794,0.00667273,3
8.0,gaussian_fm,angular_sw_bin3,0.0169316,0.00267829,3
8.0,gaussian_fm,angular_sw_mean,0.0186486,0.00385873,3
8.0,gaussian_fm,exploding_norm_rate,0,0,3
8.0,gaussian_fm,invalid_rate,0,0,3
8.0,gaussian_fm,ks_stat,0.0285,0.00933846,3
8.0,gaussian_fm,mmd,0.000553767,0.00014806,3
8.0,gaussian_fm,nan_rate,0,0,3
8.0,gaussian_fm,nfe,512,0,3
8.0,gaussian_fm,q950_err,0.0270246,0.0164478,3
8.0,gaussian_fm,q990_err,0.0600941,0.0555636,3
8.0,gaussian_fm,q995_err,0.0448987,0.0469052,3
8.0,gaussian_fm,radial_w1,0.410911,0.11793,3
8.0,gaussian_fm,sample_time_s,0.149864,0.000464971,3
8.0,gaussian_fm,sliced_w1,0.205384,0.0234168,3
8.0,gaussian_fm,tail_exc_95,0.00386667,0.00242808,3
8.0,gaussian_fm,tail_exc_99,0.00216667,0.00159234,3
8.0,gaussian_fm,total_train_time_s,17.1423,0.0595573,3
8.0,rafm_empirical,angular_sw_bin0,0.0168042,0.000811738,3
8.0,rafm_empirical,angular_sw_bin1,0.013416,0.000529603,3
8.0,rafm_empirical,angular_sw_bin2,0.0169045,0.00271699,3
8.0,rafm_empirical,angular_sw_bin3,0.0180876,0.00243625,3
8.0,rafm_empirical,angular_sw_mean,0.0163031,0.000988789,3
8.0,rafm_empirical,exploding_norm_rate,0,0,3
8.0,rafm_empirical,invalid_rate,0,0,3
8.0,rafm_empirical,ks_stat,0.0118333,0.00284058,3
8.0,rafm_empirical,mmd,0.000331203,4.09847e-05,3
8.0,rafm_empirical,nan_rate,0,0,3
8.0,rafm_empirical,nfe,512,0,3
8.0,rafm_empirical,q950_err,0.0101092,0.00692423,3
8.0,rafm_empirical,q990_err,0.0104335,0.00506316,3
8.0,rafm_empirical,q995_err,0.0318148,0.00459347,3
8.0,rafm_empirical,radial_w1,0.150409,0.00676445,3
8.0,rafm_empirical,sample_time_s,0.2754,0.0226348,3
8.0,rafm_empirical,sliced_w1,0.171543,0.0135692,3
8.0,rafm_empirical,tail_exc_95,0.00146667,0.000805535,3
8.0,rafm_empirical,tail_exc_99,0.0007,0.000408248,3
8.0,rafm_empirical,total_train_time_s,32.8201,0.251397,3
8.0,rafm_oracle,angular_sw_bin0,0.0164657,0.00141274,3
8.0,rafm_oracle,angular_sw_bin1,0.0176402,0.00176735,3
8.0,rafm_oracle,angular_sw_bin2,0.0191334,0.00486211,3
8.0,rafm_oracle,angular_sw_bin3,0.0159385,0.001184,3
8.0,rafm_oracle,angular_sw_mean,0.0172945,0.000910002,3
8.0,rafm_oracle,exploding_norm_rate,0,0,3
8.0,rafm_oracle,invalid_rate,0,0,3
8.0,rafm_oracle,ks_stat,0.0154667,0.000731818,3
8.0,rafm_oracle,mmd,0.000354528,4.64883e-05,3
8.0,rafm_oracle,nan_rate,0,0,3
8.0,rafm_oracle,nfe,512,0,3
8.0,rafm_oracle,q950_err,0.0171817,0.006374,3
8.0,rafm_oracle,q990_err,0.0104576,0.0021742,3
8.0,rafm_oracle,q995_err,0.0489022,0.0233889,3
8.0,rafm_oracle,radial_w1,0.178961,0.0275958,3
8.0,rafm_oracle,sample_time_s,0.25739,0.00417767,3
8.0,rafm_oracle,sliced_w1,0.168042,0.0111641,3
8.0,rafm_oracle,tail_exc_95,0.0022,0.000509903,3
8.0,rafm_oracle,tail_exc_99,0.0003,0.000141421,3
8.0,rafm_oracle,total_train_time_s,32.7823,0.0954349,3
8.0,source_only_empirical,angular_sw_bin0,0.0150824,0.00260169,3
8.0,source_only_empirical,angular_sw_bin1,0.0155225,0.000542744,3
8.0,source_only_empirical,angular_sw_bin2,0.0158085,0.00215956,3
8.0,source_only_empirical,angular_sw_bin3,0.0170026,0.00461289,3
8.0,source_only_empirical,angular_sw_mean,0.015854,0.00147327,3
8.0,source_only_empirical,exploding_norm_rate,0,0,3
8.0,source_only_empirical,invalid_rate,0,0,3
8.0,source_only_empirical,ks_stat,0.0171,0.00372647,3
8.0,source_only_empirical,mmd,0.000331283,5.46874e-05,3
8.0,source_only_empirical,nan_rate,0,0,3
8.0,source_only_empirical,nfe,512,0,3
8.0,source_only_empirical,q950_err,0.0149706,0.00109175,3
8.0,source_only_empirical,q990_err,0.0479398,0.0226925,3
8.0,source_only_empirical,q995_err,0.0329571,0.0241321,3
8.0,source_only_empirical,radial_w1,0.183859,0.012838,3
8.0,source_only_empirical,sample_time_s,0.15905,0.00180161,3
8.0,source_only_empirical,sliced_w1,0.17649,0.0173516,3
8.0,source_only_empirical,tail_exc_95,0.00193333,9.42804e-05,3
8.0,source_only_empirical,tail_exc_99,0.00166667,0.000377123,3
8.0,source_only_empirical,total_train_time_s,18.0705,0.0969416,3
16.0,gaussian_fm,angular_sw_bin0,0.0221592,0.00538762,3
16.0,gaussian_fm,angular_sw_bin1,0.0248088,0.00521586,3
16.0,gaussian_fm,angular_sw_bin2,0.0267289,0.0068191,3
16.0,gaussian_fm,angular_sw_bin3,0.0268824,0.00466591,3
16.0,gaussian_fm,angular_sw_mean,0.0251448,0.00547139,3
16.0,gaussian_fm,exploding_norm_rate,0,0,3
16.0,gaussian_fm,invalid_rate,0,0,3
16.0,gaussian_fm,ks_stat,0.0719334,0.0480086,3
16.0,gaussian_fm,mmd,0.00398306,0.00128158,3
16.0,gaussian_fm,nan_rate,0,0,3
16.0,gaussian_fm,nfe,512,0,3
16.0,gaussian_fm,q950_err,0.0487461,0.0106934,3
16.0,gaussian_fm,q990_err,0.244453,0.011815,3
16.0,gaussian_fm,q995_err,0.324749,0.0276978,3
16.0,gaussian_fm,radial_w1,1.74865,0.743886,3
16.0,gaussian_fm,sample_time_s,0.14553,0.00641998,3
16.0,gaussian_fm,sliced_w1,0.690186,0.0918018,3
16.0,gaussian_fm,tail_exc_95,0.0133667,0.00349889,3
16.0,gaussian_fm,tail_exc_99,0.00926667,0.000498888,3
16.0,gaussian_fm,total_train_time_s,17.083,0.0270966,3
16.0,rafm_empirical,angular_sw_bin0,0.0145993,0.00076689,3
16.0,rafm_empirical,angular_sw_bin1,0.011838,0.000690617,3
16.0,rafm_empirical,angular_sw_bin2,0.0142593,0.00145589,3
16.0,rafm_empirical,angular_sw_bin3,0.0108826,0.000944449,3
16.0,rafm_empirical,angular_sw_mean,0.0128948,0.000176676,3
16.0,rafm_empirical,exploding_norm_rate,0,0,3
16.0,rafm_empirical,invalid_rate,0,0,3
16.0,rafm_empirical,ks_stat,0.0114333,0.00240046,3
16.0,rafm_empirical,mmd,0.000419696,5.97249e-05,3
16.0,rafm_empirical,nan_rate,0,0,3
16.0,rafm_empirical,nfe,512,0,3
16.0,rafm_empirical,q950_err,0.0059702,0.0044199,3
16.0,rafm_empirical,q990_err,0.0192832,0.0130692,3
16.0,rafm_empirical,q995_err,0.0442469,0.00665363,3
16.0,rafm_empirical,radial_w1,0.190436,0.0183899,3
16.0,rafm_empirical,sample_time_s,0.268885,0.0123475,3
16.0,rafm_empirical,sliced_w1,0.245426,0.0117062,3
16.0,rafm_empirical,tail_exc_95,0.000866667,0.000694421,3
16.0,rafm_empirical,tail_exc_99,0.000333333,0.000262467,3
16.0,rafm_empirical,total_train_time_s,32.7462,0.129668,3
16.0,rafm_oracle,angular_sw_bin0,0.0154038,0.00149829,3
16.0,rafm_oracle,angular_sw_bin1,0.0147821,0.00129657,3
16.0,rafm_oracle,angular_sw_bin2,0.0144463,0.00154409,3
16.0,rafm_oracle,angular_sw_bin3,0.0113979,0.000183713,3
16.0,rafm_oracle,angular_sw_mean,0.0140075,0.000682769,3
16.0,rafm_oracle,exploding_norm_rate,0,0,3
16.0,rafm_oracle,invalid_rate,0,0,3
16.0,rafm_oracle,ks_stat,0.0118333,0.000188544,3
16.0,rafm_oracle,mmd,0.000394583,5.43828e-05,3
16.0,rafm_oracle,nan_rate,0,0,3
16.0,rafm_oracle,nfe,512,0,3
16.0,rafm_oracle,q950_err,0.0148153,0.0093815,3
16.0,rafm_oracle,q990_err,0.0223834,0.00302202,3
16.0,rafm_oracle,q995_err,0.0567329,0.047844,3
16.0,rafm_oracle,radial_w1,0.253461,0.0786556,3
16.0,rafm_oracle,sample_time_s,0.263395,0.00554609,3
16.0,rafm_oracle,sliced_w1,0.242421,0.0108171,3
16.0,rafm_oracle,tail_exc_95,0.00303333,0.00196016,3
16.0,rafm_oracle,tail_exc_99,0.0008,0.000163299,3
16.0,rafm_oracle,total_train_time_s,32.8098,0.258895,3
16.0,source_only_empirical,angular_sw_bin0,0.0139282,0.00256765,3
16.0,source_only_empirical,angular_sw_bin1,0.0157149,0.00170589,3
16.0,source_only_empirical,angular_sw_bin2,0.0159817,0.0031411,3
16.0,source_only_empirical,angular_sw_bin3,0.0118964,0.000362067,3
16.0,source_only_empirical,angular_sw_mean,0.0143803,0.00159001,3
16.0,source_only_empirical,exploding_norm_rate,0,0,3
16.0,source_only_empirical,invalid_rate,0,0,3
16.0,source_only_empirical,ks_stat,0.0235334,0.00231565,3
16.0,source_only_empirical,mmd,0.000554164,9.8229e-05,3
16.0,source_only_empirical,nan_rate,0,0,3
16.0,source_only_empirical,nfe,512,0,3
16.0,source_only_empirical,q950_err,0.0276606,0.00103061,3
16.0,source_only_empirical,q990_err,0.0371094,0.0104442,3
16.0,source_only_empirical,q995_err,0.0423648,0.0175076,3
16.0,source_only_empirical,radial_w1,0.493535,0.0698712,3
16.0,source_only_empirical,sample_time_s,0.172373,0.00194553,3
16.0,source_only_empirical,sliced_w1,0.277907,0.0185142,3
16.0,source_only_empirical,tail_exc_95,0.00576667,0.000449692,3
16.0,source_only_empirical,tail_exc_99,0.00133333,0.000402768,3
16.0,source_only_empirical,total_train_time_s,18.0318,0.0616774,3
32.0,gaussian_fm,angular_sw_bin0,0.0279551,0.00257565,3
32.0,gaussian_fm,angular_sw_bin1,0.0184951,0.00187343,3
32.0,gaussian_fm,angular_sw_bin2,0.020293,0.00312219,3
32.0,gaussian_fm,angular_sw_bin3,0.0209309,0.00543986,3
32.0,gaussian_fm,angular_sw_mean,0.0219185,0.00176539,3
32.0,gaussian_fm,exploding_norm_rate,0,0,3
32.0,gaussian_fm,invalid_rate,0,0,3
32.0,gaussian_fm,ks_stat,0.353733,0.00476748,3
32.0,gaussian_fm,mmd,0.00705242,0.00195842,3
32.0,gaussian_fm,nan_rate,0,0,3
32.0,gaussian_fm,nfe,512,0,3
32.0,gaussian_fm,q950_err,0.0884901,0.00572021,3
32.0,gaussian_fm,q990_err,0.303727,0.00965298,3
32.0,gaussian_fm,q995_err,0.3997,0.0143362,3
32.0,gaussian_fm,radial_w1,9.83414,0.0928659,3
32.0,gaussian_fm,sample_time_s,0.171211,0.016159,3
32.0,gaussian_fm,sliced_w1,1.44016,0.131278,3
32.0,gaussian_fm,tail_exc_95,0.0355,0.00311555,3
32.0,gaussian_fm,tail_exc_99,0.00996667,4.71405e-05,3
32.0,gaussian_fm,total_train_time_s,17.2589,0.0615278,3
32.0,rafm_empirical,angular_sw_bin0,0.011369,0.000985746,3
32.0,rafm_empirical,angular_sw_bin1,0.0100577,0.000544392,3
32.0,rafm_empirical,angular_sw_bin2,0.0103403,0.000420059,3
32.0,rafm_empirical,angular_sw_bin3,0.0115354,0.000537216,3
32.0,rafm_empirical,angular_sw_mean,0.0108256,0.000304944,3
32.0,rafm_empirical,exploding_norm_rate,0,0,3
32.0,rafm_empirical,invalid_rate,0,0,3
32.0,rafm_empirical,ks_stat,0.0117,0.00228619,3
32.0,rafm_empirical,mmd,0.000662764,0.000172835,3
32.0,rafm_empirical,nan_rate,0,0,3
32.0,rafm_empirical,nfe,512,0,3
32.0,rafm_empirical,q950_err,0.0165614,0.00613669,3
32.0,rafm_empirical,q990_err,0.0219302,0.0100019,3
32.0,rafm_empirical,q995_err,0.0306168,0.0127999,3
32.0,rafm_empirical,radial_w1,0.435264,0.0648901,3
32.0,rafm_empirical,sample_time_s,0.259894,0.0319617,3
32.0,rafm_empirical,sliced_w1,0.429712,0.0515214,3
32.0,rafm_empirical,tail_exc_95,0.00346667,0.00115566,3
32.0,rafm_empirical,tail_exc_99,0.000566666,0.000235702,3
32.0,rafm_empirical,total_train_time_s,33.1706,0.408192,3
32.0,rafm_oracle,angular_sw_bin0,0.0113992,0.00110093,3
32.0,rafm_oracle,angular_sw_bin1,0.010726,0.000425138,3
32.0,rafm_oracle,angular_sw_bin2,0.0100775,0.00149187,3
32.0,rafm_oracle,angular_sw_bin3,0.00999668,0.00150859,3
32.0,rafm_oracle,angular_sw_mean,0.0105498,0.000518165,3
32.0,rafm_oracle,exploding_norm_rate,0,0,3
32.0,rafm_oracle,invalid_rate,0,0,3
32.0,rafm_oracle,ks_stat,0.0133333,0.00356495,3
32.0,rafm_oracle,mmd,0.000657439,0.000175925,3
32.0,rafm_oracle,nan_rate,0,0,3
32.0,rafm_oracle,nfe,512,0,3
32.0,rafm_oracle,q950_err,0.0110566,0.00612688,3
32.0,rafm_oracle,q990_err,0.0287857,0.0207114,3
32.0,rafm_oracle,q995_err,0.0249018,0.0233544,3
32.0,rafm_oracle,radial_w1,0.382904,0.0307332,3
32.0,rafm_oracle,sample_time_s,0.265564,0.0184714,3
32.0,rafm_oracle,sliced_w1,0.414867,0.0436972,3
32.0,rafm_oracle,tail_exc_95,0.00186667,0.00140079,3
32.0,rafm_oracle,tail_exc_99,0.00116667,0.000946338,3
32.0,rafm_oracle,total_train_time_s,33.7454,0.664256,3
32.0,source_only_empirical,angular_sw_bin0,0.0130582,0.0018874,3
32.0,source_only_empirical,angular_sw_bin1,0.0133673,0.00135293,3
32.0,source_only_empirical,angular_sw_bin2,0.0135096,0.00176063,3
32.0,source_only_empirical,angular_sw_bin3,0.0128992,0.00102647,3
32.0,source_only_empirical,angular_sw_mean,0.0132086,0.00116769,3
32.0,source_only_empirical,exploding_norm_rate,0,0,3
32.0,source_only_empirical,invalid_rate,0,0,3
32.0,source_only_empirical,ks_stat,0.0425,0.00480069,3
32.0,source_only_empirical,mmd,0.00142761,0.000344604,3
32.0,source_only_empirical,nan_rate,0,0,3
32.0,source_only_empirical,nfe,512,0,3
32.0,source_only_empirical,q950_err,0.0258381,0.0146807,3
32.0,source_only_empirical,q990_err,0.0589017,0.0283256,3
32.0,source_only_empirical,q995_err,0.0898203,0.0296799,3
32.0,source_only_empirical,radial_w1,1.2821,0.307698,3
32.0,source_only_empirical,sample_time_s,0.1887,0.0247013,3
32.0,source_only_empirical,sliced_w1,0.561322,0.0812548,3
32.0,source_only_empirical,tail_exc_95,0.00603333,0.00380555,3
32.0,source_only_empirical,tail_exc_99,0.00226667,0.00103709,3
32.0,source_only_empirical,total_train_time_s,18.5014,0.356261,3
64.0,gaussian_fm,angular_sw_bin0,0.0126202,0.000693994,3
64.0,gaussian_fm,angular_sw_bin1,0.0122011,0.00183806,3
64.0,gaussian_fm,angular_sw_bin2,0.0129988,0.0021331,3
64.0,gaussian_fm,angular_sw_bin3,0.0214104,0.00670083,3
64.0,gaussian_fm,angular_sw_mean,0.0148076,0.00268711,3
64.0,gaussian_fm,exploding_norm_rate,0,0,3
64.0,gaussian_fm,invalid_rate,0,0,3
64.0,gaussian_fm,ks_stat,0.164367,0.0234932,3
64.0,gaussian_fm,mmd,0.00474334,0.00120899,3
64.0,gaussian_fm,nan_rate,0,0,3
64.0,gaussian_fm,nfe,512,0,3
64.0,gaussian_fm,q950_err,0.241632,0.0166994,3
64.0,gaussian_fm,q990_err,0.406103,0.0213317,3
64.0,gaussian_fm,q995_err,0.497923,0.0216013,3
64.0,gaussian_fm,radial_w1,10.6461,0.639034,3
64.0,gaussian_fm,sample_time_s,0.140861,0.00583987,3
64.0,gaussian_fm,sliced_w1,1.5405,0.189013,3
64.0,gaussian_fm,tail_exc_95,0.0496667,0.000286744,3
64.0,gaussian_fm,tail_exc_99,0.01,0,3
64.0,gaussian_fm,total_train_time_s,17.3479,0.111269,3
64.0,rafm_empirical,angular_sw_bin0,0.0111997,0.00172667,3
64.0,rafm_empirical,angular_sw_bin1,0.00970282,0.00135336,3
64.0,rafm_empirical,angular_sw_bin2,0.00856736,0.00149258,3
64.0,rafm_empirical,angular_sw_bin3,0.00998038,0.00205144,3
64.0,rafm_empirical,angular_sw_mean,0.00986258,0.00164735,3
64.0,rafm_empirical,exploding_norm_rate,0,0,3
64.0,rafm_empirical,invalid_rate,0,0,3
64.0,rafm_empirical,ks_stat,0.0133333,0.00183726,3
64.0,rafm_empirical,mmd,0.00159554,0.00083499,3
64.0,rafm_empirical,nan_rate,0,0,3
64.0,rafm_empirical,nfe,512,0,3
64.0,rafm_empirical,q950_err,0.0240216,0.00516388,3
64.0,rafm_empirical,q990_err,0.0101341,0.00687557,3
64.0,rafm_empirical,q995_err,0.0513951,0.0124833,3
64.0,rafm_empirical,radial_w1,0.982115,0.121447,3
64.0,rafm_empirical,sample_time_s,0.252219,0.00504205,3
64.0,rafm_empirical,sliced_w1,0.84009,0.174357,3
64.0,rafm_empirical,tail_exc_95,0.00583333,0.00130979,3
64.0,rafm_empirical,tail_exc_99,0.000433333,0.00030912,3
64.0,rafm_empirical,total_train_time_s,32.715,0.0637984,3
64.0,rafm_oracle,angular_sw_bin0,0.0106715,0.000765906,3
64.0,rafm_oracle,angular_sw_bin1,0.0093625,0.00217905,3
64.0,rafm_oracle,angular_sw_bin2,0.00909873,0.00162097,3
64.0,rafm_oracle,angular_sw_bin3,0.00978325,0.00156694,3
64.0,rafm_oracle,angular_sw_mean,0.00972899,0.00151161,3
64.0,rafm_oracle,exploding_norm_rate,0,0,3
64.0,rafm_oracle,invalid_rate,0,0,3
64.0,rafm_oracle,ks_stat,0.0141333,0.00221559,3
64.0,rafm_oracle,mmd,0.00160603,0.000829567,3
64.0,rafm_oracle,nan_rate,0,0,3
64.0,rafm_oracle,nfe,512,0,3
64.0,rafm_oracle,q950_err,0.0117041,0.00764126,3
64.0,rafm_oracle,q990_err,0.0378323,0.0267253,3
64.0,rafm_oracle,q995_err,0.036725,0.026659,3
64.0,rafm_oracle,radial_w1,0.92879,0.0947966,3
64.0,rafm_oracle,sample_time_s,0.28307,0.0182224,3
64.0,rafm_oracle,sliced_w1,0.844181,0.172352,3
64.0,rafm_oracle,tail_exc_95,0.00303333,0.00212968,3
64.0,rafm_oracle,tail_exc_99,0.0013,0.000920145,3
64.0,rafm_oracle,total_train_time_s,32.87,0.115854,3
64.0,source_only_empirical,angular_sw_bin0,0.0128666,0.00319709,3
64.0,source_only_empirical,angular_sw_bin1,0.0118487,0.00274959,3
64.0,source_only_empirical,angular_sw_bin2,0.0111515,0.00309499,3
64.0,source_only_empirical,angular_sw_bin3,0.011538,0.00163038,3
64.0,source_only_empirical,angular_sw_mean,0.0118512,0.00265774,3
64.0,source_only_empirical,exploding_norm_rate,0,0,3
64.0,source_only_empirical,invalid_rate,0,0,3
64.0,source_only_empirical,ks_stat,0.166533,0.00619372,3
64.0,source_only_empirical,mmd,0.00400341,0.00157731,3
64.0,source_only_empirical,nan_rate,0,0,3
64.0,source_only_empirical,nfe,512,0,3
64.0,source_only_empirical,q950_err,0.0565596,0.00891198,3
64.0,source_only_empirical,q990_err,0.0224374,0.0224605,3
64.0,source_only_empirical,q995_err,0.0264531,0.0202731,3
64.0,source_only_empirical,radial_w1,9.21765,0.178203,3
64.0,source_only_empirical,sample_time_s,0.166704,0.00628985,3
64.0,source_only_empirical,sliced_w1,1.42799,0.192328,3
64.0,source_only_empirical,tail_exc_95,0.019,0.00354401,3
64.0,source_only_empirical,tail_exc_99,0.0011,0.000778888,3
64.0,source_only_empirical,total_train_time_s,18.1404,0.0987453,3
128.0,gaussian_fm,angular_sw_bin0,0.0331474,0.00447664,2
128.0,gaussian_fm,angular_sw_mean,0.0331474,0.00447664,2
128.0,gaussian_fm,exploding_norm_rate,0,0,3
128.0,gaussian_fm,invalid_rate,0,0,3
128.0,gaussian_fm,ks_stat,0.998733,0.000579272,3
128.0,gaussian_fm,mmd,0.090379,0.00303272,3
128.0,gaussian_fm,nan_rate,0,0,3
128.0,gaussian_fm,nfe,512,0,3
128.0,gaussian_fm,q950_err,0.637748,0.0099768,3
128.0,gaussian_fm,q990_err,0.708595,0.0102961,3
128.0,gaussian_fm,q995_err,0.748103,0.00888321,3
128.0,gaussian_fm,radial_w1,124.26,1.42483,3
128.0,gaussian_fm,sample_time_s,0.199039,0.0272842,3
128.0,gaussian_fm,sliced_w1,9.01696,0.147166,3
128.0,gaussian_fm,tail_exc_95,0.05,0,3
128.0,gaussian_fm,tail_exc_99,0.01,0,3
128.0,gaussian_fm,total_train_time_s,18.1081,0.171464,3
128.0,rafm_empirical,angular_sw_bin0,0.00625372,0.000164639,3
128.0,rafm_empirical,angular_sw_bin1,0.00602866,0.000335767,3
128.0,rafm_empirical,angular_sw_bin2,0.00575391,0.000224495,3
128.0,rafm_empirical,angular_sw_bin3,0.00607605,0.00016621,3
128.0,rafm_empirical,angular_sw_mean,0.00602809,0.000216434,3
128.0,rafm_empirical,exploding_norm_rate,0,0,3
128.0,rafm_empirical,invalid_rate,0,0,3
128.0,rafm_empirical,ks_stat,0.00880001,0.000355906,3
128.0,rafm_empirical,mmd,0.00108167,7.62031e-05,3
128.0,rafm_empirical,nan_rate,0,0,3
128.0,rafm_empirical,nfe,512,0,3
128.0,rafm_empirical,q950_err,0.0043695,0.00156118,3
128.0,rafm_empirical,q990_err,0.00831554,0.00566355,3
128.0,rafm_empirical,q995_err,0.0349472,0.0345041,3
128.0,rafm_empirical,radial_w1,0.850284,0.039929,3
128.0,rafm_empirical,sample_time_s,0.302225,0.0080025,3
128.0,rafm_empirical,sliced_w1,1.00709,0.0295815,3
128.0,rafm_empirical,tail_exc_95,0.0013,8.16486e-05,3
128.0,rafm_empirical,tail_exc_99,0.000733333,0.000410961,3
128.0,rafm_empirical,total_train_time_s,32.6862,0.0837546,3
128.0,rafm_oracle,angular_sw_bin0,0.00605153,0.00029331,3
128.0,rafm_oracle,angular_sw_bin1,0.00598625,0.000366801,3
128.0,rafm_oracle,angular_sw_bin2,0.00573952,0.000274089,3
128.0,rafm_oracle,angular_sw_bin3,0.00572093,0.000135106,3
128.0,rafm_oracle,angular_sw_mean,0.00587455,0.000203661,3
128.0,rafm_oracle,exploding_norm_rate,0,0,3
128.0,rafm_oracle,invalid_rate,0,0,3
128.0,rafm_oracle,ks_stat,0.0125,0.0019613,3
128.0,rafm_oracle,mmd,0.00108532,8.68647e-05,3
128.0,rafm_oracle,nan_rate,0,0,3
128.0,rafm_oracle,nfe,512,0,3
128.0,rafm_oracle,q950_err,0.0116191,0.00387825,3
128.0,rafm_oracle,q990_err,0.0321975,0.011271,3
128.0,rafm_oracle,q995_err,0.0437671,0.0350982,3
128.0,rafm_oracle,radial_w1,1.09774,0.262914,3
128.0,rafm_oracle,sample_time_s,0.314903,0.017916,3
128.0,rafm_oracle,sliced_w1,1.01566,0.0356158,3
128.0,rafm_oracle,tail_exc_95,0.00373333,0.00138163,3
128.0,rafm_oracle,tail_exc_99,0.00176667,0.00101434,3
128.0,rafm_oracle,total_train_time_s,32.9505,0.211748,3
128.0,source_only_empirical,angular_sw_bin0,0.00693936,0.000100421,3
128.0,source_only_empirical,angular_sw_bin1,0.00619375,0.000521904,3
128.0,source_only_empirical,angular_sw_bin2,0.00594893,0.000425063,3
128.0,source_only_empirical,angular_sw_bin3,0.00600826,0.000183653,3
128.0,source_only_empirical,angular_sw_mean,0.00627258,0.000164799,3
128.0,source_only_empirical,exploding_norm_rate,0,0,3
128.0,source_only_empirical,invalid_rate,0,0,3
128.0,source_only_empirical,ks_stat,0.1883,0.00524278,3
128.0,source_only_empirical,mmd,0.00230662,8.68782e-05,3
128.0,source_only_empirical,nan_rate,0,0,3
128.0,source_only_empirical,nfe,512,0,3
128.0,source_only_empirical,q950_err,0.106548,0.0086209,3
128.0,source_only_empirical,q990_err,0.0999229,0.0249418,3
128.0,source_only_empirical,q995_err,0.0947453,0.017768,3
128.0,source_only_empirical,radial_w1,18.6834,0.183953,3
128.0,source_only_empirical,sample_time_s,0.188378,0.00131214,3
128.0,source_only_empirical,sliced_w1,1.6819,0.0232827,3
128.0,source_only_empirical,tail_exc_95,0.0462333,0.00287093,3
128.0,source_only_empirical,tail_exc_99,0.0055,0.000993311,3
128.0,source_only_empirical,total_train_time_s,18.8556,0.176511,3
256.0,gaussian_fm,exploding_norm_rate,0,0,3
256.0,gaussian_fm,invalid_rate,0,0,3
256.0,gaussian_fm,ks_stat,1,0,3
256.0,gaussian_fm,mmd,0.150966,0.000558058,3
256.0,gaussian_fm,nan_rate,0,0,3
256.0,gaussian_fm,nfe,512,0,3
256.0,gaussian_fm,q950_err,0.822426,0.00175208,3
256.0,gaussian_fm,q990_err,0.860141,0.00149361,3
256.0,gaussian_fm,q995_err,0.874709,0.00224326,3
256.0,gaussian_fm,radial_w1,347.687,0.623387,3
256.0,gaussian_fm,sample_time_s,0.343919,0.00387484,3
256.0,gaussian_fm,sliced_w1,17.8086,0.0807544,3
256.0,gaussian_fm,tail_exc_95,0.05,0,3
256.0,gaussian_fm,tail_exc_99,0.01,0,3
256.0,gaussian_fm,total_train_time_s,17.6768,0.146226,3
256.0,rafm_empirical,angular_sw_bin0,0.0038101,2.29813e-05,3
256.0,rafm_empirical,angular_sw_bin1,0.00354002,6.86383e-05,3
256.0,rafm_empirical,angular_sw_bin2,0.00380853,0.000181624,3
256.0,rafm_empirical,angular_sw_bin3,0.00383829,0.000125928,3
256.0,rafm_empirical,angular_sw_mean,0.00374924,7.52488e-05,3
256.0,rafm_empirical,exploding_norm_rate,0,0,3
256.0,rafm_empirical,invalid_rate,0,0,3
256.0,rafm_empirical,ks_stat,0.0169,0.000909241,3
256.0,rafm_empirical,mmd,0.000717282,6.68534e-05,3
256.0,rafm_empirical,nan_rate,0,0,3
256.0,rafm_empirical,nfe,512,0,3
256.0,rafm_empirical,q950_err,0.0136338,0.00313286,3
256.0,rafm_empirical,q990_err,0.0264476,0.0101254,3
256.0,rafm_empirical,q995_err,0.0351661,0.0364366,3
256.0,rafm_empirical,radial_w1,2.70324,0.138388,3
256.0,rafm_empirical,sample_time_s,0.607647,0.000716508,3
256.0,rafm_empirical,sliced_w1,1.24117,0.05666,3
256.0,rafm_empirical,tail_exc_95,0.00356667,0.00115566,3
256.0,rafm_empirical,tail_exc_99,0.000833333,0.000339934,3
256.0,rafm_empirical,total_train_time_s,33.8973,0.0939448,3
256.0,rafm_oracle,angular_sw_bin0,0.00383659,0.000242757,3
256.0,rafm_oracle,angular_sw_bin1,0.00353546,0.000125804,3
256.0,rafm_oracle,angular_sw_bin2,0.00366333,0.000128142,3
256.0,rafm_oracle,angular_sw_bin3,0.003854,0.000216711,3
256.0,rafm_oracle,angular_sw_mean,0.00372235,0.000144062,3
256.0,rafm_oracle,exploding_norm_rate,0,0,3
256.0,rafm_oracle,invalid_rate,0,0,3
256.0,rafm_oracle,ks_stat,0.0198333,0.00397521,3
256.0,rafm_oracle,mmd,0.000715057,6.63235e-05,3
256.0,rafm_oracle,nan_rate,0,0,3
256.0,rafm_oracle,nfe,512,0,3
256.0,rafm_oracle,q950_err,0.00830286,0.000962256,3
256.0,rafm_oracle,q990_err,0.0205296,0.010092,3
256.0,rafm_oracle,q995_err,0.0198024,0.0131263,3
256.0,rafm_oracle,radial_w1,2.67627,0.177142,3
256.0,rafm_oracle,sample_time_s,0.606309,0.00288163,3
256.0,rafm_oracle,sliced_w1,1.22121,0.0368139,3
256.0,rafm_oracle,tail_exc_95,0.00266667,0.000579271,3
256.0,rafm_oracle,tail_exc_99,0.0007,0.000355903,3
256.0,rafm_oracle,total_train_time_s,34.2696,0.505525,3
256.0,source_only_empirical,angular_sw_bin0,0.00573768,0.000230391,3
256.0,source_only_empirical,angular_sw_bin1,0.0044853,0.000224476,3
256.0,source_only_empirical,angular_sw_bin2,0.00370948,0.000285183,3
256.0,source_only_empirical,angular_sw_bin3,0.00363419,0.000303545,3
256.0,source_only_empirical,angular_sw_mean,0.00439166,0.000115197,3
256.0,source_only_empirical,exploding_norm_rate,0,0,3
256.0,source_only_empirical,invalid_rate,0,0,3
256.0,source_only_empirical,ks_stat,0.314767,0.0114427,3
256.0,source_only_empirical,mmd,0.00287116,0.000290881,3
256.0,source_only_empirical,nan_rate,0,0,3
256.0,source_only_empirical,nfe,512,0,3
256.0,source_only_empirical,q950_err,0.118529,0.012331,3
256.0,source_only_empirical,q990_err,0.0774838,0.00405997,3
256.0,source_only_empirical,q995_err,0.110262,0.0392677,3
256.0,source_only_empirical,radial_w1,51.0532,2.41294,3
256.0,source_only_empirical,sample_time_s,0.341912,0.00307285,3
256.0,source_only_empirical,sliced_w1,2.87928,0.136496,3
256.0,source_only_empirical,tail_exc_95,0.071,0.00746235,3
256.0,source_only_empirical,tail_exc_99,0.0046,0.000848528,3
256.0,source_only_empirical,total_train_time_s,18.5481,0.0323114,3
