condition,comparison_label,method,seed,status,result_path,result_sha256,issues,failure,nonfinite_metric_fields
aniso_k1,new_matched_realization,A,8925,complete,/mnt/vast01/users/fouad.oubari/msgm/rafm-additions/outputs_rafm_input_study/v1/final/aniso_k1/A/seed_8925/result.json,2d1937d203c084999f26e0fd3ab1203cb99f42d379564fcff182e4d3d39cae76,[],null,[]
aniso_k1,new_matched_realization,A,77395,complete,/mnt/vast01/users/fouad.oubari/msgm/rafm-additions/outputs_rafm_input_study/v1/final/aniso_k1/A/seed_77395/result.json,467bf2a8ca3367ead92e96e8e525cf9f91c38b15e3ea5a1b2e8838d4788ef70f,[],null,[]
aniso_k1,new_matched_realization,A,65457,complete,/mnt/vast01/users/fouad.oubari/msgm/rafm-additions/outputs_rafm_input_study/v1/final/aniso_k1/A/seed_65457/result.json,cbdd6dbe11bc3424293284c5f1dd23514b9e8768fae435801ac22b9f67e7960f,[],null,[]
aniso_k1,new_matched_realization,B,8925,complete,/mnt/vast01/users/fouad.oubari/msgm/rafm-additions/outputs_rafm_input_study/v1/final/aniso_k1/B/seed_8925/result.json,50cfd862d01aabbaecd671a85714aa7264e887c718e5948ba38e1b4409829c09,[],null,[]
aniso_k1,new_matched_realization,B,77395,complete,/mnt/vast01/users/fouad.oubari/msgm/rafm-additions/outputs_rafm_input_study/v1/final/aniso_k1/B/seed_77395/result.json,6674827914899e65fec232db22eec65625d7b177e95fdfa6a63b33e0b2d122fa,[],null,[]
aniso_k1,new_matched_realization,B,65457,complete,/mnt/vast01/users/fouad.oubari/msgm/rafm-additions/outputs_rafm_input_study/v1/final/aniso_k1/B/seed_65457/result.json,9052ebb640efcc79c0e08a8b7f6f65bfe122fe2746c8dd9fee75811b91189465,[],null,[]
aniso_k1,new_matched_realization,C,8925,complete,/mnt/vast01/users/fouad.oubari/msgm/rafm-additions/outputs_rafm_input_study/v1/final/aniso_k1/C/seed_8925/result.json,ba857aa036b7a08ec11a7d3654b03f896e8ec783d5b6654eb84f425b90549bea,[],null,[]
aniso_k1,new_matched_realization,C,77395,complete,/mnt/vast01/users/fouad.oubari/msgm/rafm-additions/outputs_rafm_input_study/v1/final/aniso_k1/C/seed_77395/result.json,cf31443b9628321e5b7a70b4d4326a24131d03a092d202dcfe45341dc1902872,[],null,[]
aniso_k1,new_matched_realization,C,65457,complete,/mnt/vast01/users/fouad.oubari/msgm/rafm-additions/outputs_rafm_input_study/v1/final/aniso_k1/C/seed_65457/result.json,ff123b91e074dea82da170bee48e0fe00d03a13e872878cebd8b051d15c23780,[],null,[]
aniso_k10,new_matched_realization,A,8925,complete,/mnt/vast01/users/fouad.oubari/msgm/rafm-additions/outputs_rafm_input_study/v1/final/aniso_k10/A/seed_8925/result.json,a280766c70c76d142789b8c794dbe24820930db5f7dcb0b5b9d4554089ec3cb3,[],null,[]
aniso_k10,new_matched_realization,A,77395,complete,/mnt/vast01/users/fouad.oubari/msgm/rafm-additions/outputs_rafm_input_study/v1/final/aniso_k10/A/seed_77395/result.json,1d2f157a6478891b126d198df21a9d60948c62eb499d80de3b4f8ff2a4117d60,[],null,[]
aniso_k10,new_matched_realization,A,65457,complete,/mnt/vast01/users/fouad.oubari/msgm/rafm-additions/outputs_rafm_input_study/v1/final/aniso_k10/A/seed_65457/result.json,198dd6909e5ed2de3e4f3291ed86e727c33f1893dc801fef250fca7c270135fb,[],null,[]
aniso_k10,new_matched_realization,B,8925,complete,/mnt/vast01/users/fouad.oubari/msgm/rafm-additions/outputs_rafm_input_study/v1/final/aniso_k10/B/seed_8925/result.json,bf328be161d3a917d1d13dbe805196e4ffb5150959e47bc02386409433ab6840,[],null,[]
aniso_k10,new_matched_realization,B,77395,complete,/mnt/vast01/users/fouad.oubari/msgm/rafm-additions/outputs_rafm_input_study/v1/final/aniso_k10/B/seed_77395/result.json,df12a1a7a12c9e3c5da4d36c2747f0fad2d9b1983d96cbecf413aa8d5f9536b5,[],null,[]
aniso_k10,new_matched_realization,B,65457,complete,/mnt/vast01/users/fouad.oubari/msgm/rafm-additions/outputs_rafm_input_study/v1/final/aniso_k10/B/seed_65457/result.json,9557989f6f4333766687706e32ec1c6b02b61043bf8ee7cd5e7cd5cc738b267d,[],null,[]
aniso_k10,new_matched_realization,C,8925,complete,/mnt/vast01/users/fouad.oubari/msgm/rafm-additions/outputs_rafm_input_study/v1/final/aniso_k10/C/seed_8925/result.json,c67d57d9c2a3c623047d55582959088e4e361ce2d576618a8bbece217b6e9480,[],null,[]
aniso_k10,new_matched_realization,C,77395,complete,/mnt/vast01/users/fouad.oubari/msgm/rafm-additions/outputs_rafm_input_study/v1/final/aniso_k10/C/seed_77395/result.json,bc28a5c1426c62862a635b93da40c69fe4b7579eeb72d29ea16ad29dddd49c60,[],null,[]
aniso_k10,new_matched_realization,C,65457,complete,/mnt/vast01/users/fouad.oubari/msgm/rafm-additions/outputs_rafm_input_study/v1/final/aniso_k10/C/seed_65457/result.json,c662490730f16e573d537291792c322d2cf6a8a29cc84af4b2cfba5d717a5964,[],null,[]
aniso_k100,new_matched_realization,A,8925,complete,/mnt/vast01/users/fouad.oubari/msgm/rafm-additions/outputs_rafm_input_study/v1/final/aniso_k100/A/seed_8925/result.json,219ca5e4cf6d39c8b856af1a9f27883765a808b748a0048aa1d2602a14918c3c,[],null,[]
aniso_k100,new_matched_realization,A,77395,complete,/mnt/vast01/users/fouad.oubari/msgm/rafm-additions/outputs_rafm_input_study/v1/final/aniso_k100/A/seed_77395/result.json,33fca3f5460b4057ee16d23c329fdc97b15082a1da87c2381c23d114cb877989,[],null,[]
aniso_k100,new_matched_realization,A,65457,complete,/mnt/vast01/users/fouad.oubari/msgm/rafm-additions/outputs_rafm_input_study/v1/final/aniso_k100/A/seed_65457/result.json,ea9ce1c00de4cbfea75786ee34c5654c9291dc3822e57f4679c2a702874ee013,[],null,[]
aniso_k100,new_matched_realization,B,8925,complete,/mnt/vast01/users/fouad.oubari/msgm/rafm-additions/outputs_rafm_input_study/v1/final/aniso_k100/B/seed_8925/result.json,e246a72029c0eeb3276de12940bbff769ca1268aab02a222f8e628783ab94fe0,[],null,[]
aniso_k100,new_matched_realization,B,77395,complete,/mnt/vast01/users/fouad.oubari/msgm/rafm-additions/outputs_rafm_input_study/v1/final/aniso_k100/B/seed_77395/result.json,e5d2a062f9450b7e259c681479daecfe1769dde7715f7aaa7297e78189429f2e,[],null,[]
aniso_k100,new_matched_realization,B,65457,complete,/mnt/vast01/users/fouad.oubari/msgm/rafm-additions/outputs_rafm_input_study/v1/final/aniso_k100/B/seed_65457/result.json,9315a16302013080c4e37d27dd6c42b95394d8b9d7a8a72c955d90183af34c21,[],null,[]
aniso_k100,new_matched_realization,C,8925,complete,/mnt/vast01/users/fouad.oubari/msgm/rafm-additions/outputs_rafm_input_study/v1/final/aniso_k100/C/seed_8925/result.json,ba571361be5f0f0858b4a367c31df21d0532c140986cf325f26087993d30abe9,[],null,[]
aniso_k100,new_matched_realization,C,77395,complete,/mnt/vast01/users/fouad.oubari/msgm/rafm-additions/outputs_rafm_input_study/v1/final/aniso_k100/C/seed_77395/result.json,438755a2b12c35c8163d3f14d574981972a0975b1891f6c33f9dadabb5e1dcf7,[],null,[]
aniso_k100,new_matched_realization,C,65457,complete,/mnt/vast01/users/fouad.oubari/msgm/rafm-additions/outputs_rafm_input_study/v1/final/aniso_k100/C/seed_65457/result.json,7efd064f89b657a85e66e640a2c2417d59d5c61ed66e340052772373fc495e86,[],null,[]
aniso_k3,new_matched_realization,A,8925,complete,/mnt/vast01/users/fouad.oubari/msgm/rafm-additions/outputs_rafm_input_study/v1/final/aniso_k3/A/seed_8925/result.json,6aeeb3c3a095901ab09f0164c7aea125585bfbe77998efa42758884ef561163f,[],null,[]
aniso_k3,new_matched_realization,A,77395,complete,/mnt/vast01/users/fouad.oubari/msgm/rafm-additions/outputs_rafm_input_study/v1/final/aniso_k3/A/seed_77395/result.json,74a2f85f33346657fb1781b25d4755d8406a8ed819a9ff85b8efe596b13c74e0,[],null,[]
aniso_k3,new_matched_realization,A,65457,complete,/mnt/vast01/users/fouad.oubari/msgm/rafm-additions/outputs_rafm_input_study/v1/final/aniso_k3/A/seed_65457/result.json,68cf8c86c99b08e44e8076ab5d8185db9a1ecb83310248e2b347586ad40fbb19,[],null,[]
aniso_k3,new_matched_realization,B,8925,complete,/mnt/vast01/users/fouad.oubari/msgm/rafm-additions/outputs_rafm_input_study/v1/final/aniso_k3/B/seed_8925/result.json,473f488135e01968a007459ff7e5823eeddc5b494e37c5f68fa73ea61f51d93d,[],null,[]
aniso_k3,new_matched_realization,B,77395,complete,/mnt/vast01/users/fouad.oubari/msgm/rafm-additions/outputs_rafm_input_study/v1/final/aniso_k3/B/seed_77395/result.json,2b3ac03eacc0da2fead6c09498f136fbd421b69668c3bbd648071a76d2d9d778,[],null,[]
aniso_k3,new_matched_realization,B,65457,complete,/mnt/vast01/users/fouad.oubari/msgm/rafm-additions/outputs_rafm_input_study/v1/final/aniso_k3/B/seed_65457/result.json,2b57fa556f608453ecacfcc247ca832a0316af3bbbe6ae5cfd65f00a1e52d4ae,[],null,[]
aniso_k3,new_matched_realization,C,8925,complete,/mnt/vast01/users/fouad.oubari/msgm/rafm-additions/outputs_rafm_input_study/v1/final/aniso_k3/C/seed_8925/result.json,34d6dedc580967dc0a465ddf7a24bc7b647017fa7b64f5b1ed4c0886c4e210d2,[],null,[]
aniso_k3,new_matched_realization,C,77395,complete,/mnt/vast01/users/fouad.oubari/msgm/rafm-additions/outputs_rafm_input_study/v1/final/aniso_k3/C/seed_77395/result.json,5c4e9ae6a0e19fe8a88f7e576f1061eb2663451d40df94be6293a353c566b218,[],null,[]
aniso_k3,new_matched_realization,C,65457,complete,/mnt/vast01/users/fouad.oubari/msgm/rafm-additions/outputs_rafm_input_study/v1/final/aniso_k3/C/seed_65457/result.json,6816d63eeabbf59e280e58eba5bd7e5a4d96b6859a5fff46e042bbe4e893f727,[],null,[]
aniso_k30,new_matched_realization,A,8925,complete,/mnt/vast01/users/fouad.oubari/msgm/rafm-additions/outputs_rafm_input_study/v1/final/aniso_k30/A/seed_8925/result.json,eb89566e0770c4ca0711487af99468975ebe60752a17ad74e19b1e7704689aea,[],null,[]
aniso_k30,new_matched_realization,A,77395,complete,/mnt/vast01/users/fouad.oubari/msgm/rafm-additions/outputs_rafm_input_study/v1/final/aniso_k30/A/seed_77395/result.json,e2a381405e1c558d503ae9679ef4818b2ee9f4274a30753808013a59786304b2,[],null,[]
aniso_k30,new_matched_realization,A,65457,complete,/mnt/vast01/users/fouad.oubari/msgm/rafm-additions/outputs_rafm_input_study/v1/final/aniso_k30/A/seed_65457/result.json,2b7fc7b45f3ef0b4273df24abc2964406c36c533c18ddfd94bf212295743727a,[],null,[]
aniso_k30,new_matched_realization,B,8925,complete,/mnt/vast01/users/fouad.oubari/msgm/rafm-additions/outputs_rafm_input_study/v1/final/aniso_k30/B/seed_8925/result.json,2209f0412fec0ac769a0a5f85ee0b41b08b2148ec300808fded2f673f04c3f3c,[],null,[]
aniso_k30,new_matched_realization,B,77395,complete,/mnt/vast01/users/fouad.oubari/msgm/rafm-additions/outputs_rafm_input_study/v1/final/aniso_k30/B/seed_77395/result.json,023651ca4f647b18b339fbcbea4e2efcd786f14e724b9e59b06f85aeb8493888,[],null,[]
aniso_k30,new_matched_realization,B,65457,complete,/mnt/vast01/users/fouad.oubari/msgm/rafm-additions/outputs_rafm_input_study/v1/final/aniso_k30/B/seed_65457/result.json,f41d47d152ed39b54911dec8b53708214a5c04d11aaab0c4d387627b64974248,[],null,[]
aniso_k30,new_matched_realization,C,8925,complete,/mnt/vast01/users/fouad.oubari/msgm/rafm-additions/outputs_rafm_input_study/v1/final/aniso_k30/C/seed_8925/result.json,3eefd51d3c9f685b997c7b649d049de354b32d31613ed4ed0a7d15ad0c41238f,[],null,[]
aniso_k30,new_matched_realization,C,77395,complete,/mnt/vast01/users/fouad.oubari/msgm/rafm-additions/outputs_rafm_input_study/v1/final/aniso_k30/C/seed_77395/result.json,23e864d80918e382765fab3d5d50390de963befb30d6399b064872ff8916d5ba,[],null,[]
aniso_k30,new_matched_realization,C,65457,complete,/mnt/vast01/users/fouad.oubari/msgm/rafm-additions/outputs_rafm_input_study/v1/final/aniso_k30/C/seed_65457/result.json,ef18ced3fd4bcabfcd059c4328411a0a7a5aa85dbaec0055ed55f857a8451cc5,[],null,[]
aniso_k300,new_matched_realization,A,8925,complete,/mnt/vast01/users/fouad.oubari/msgm/rafm-additions/outputs_rafm_input_study/v1/final/aniso_k300/A/seed_8925/result.json,92f6870baa132fcdfc15d52691ae65b1da6c0dd378bc8f522f40faa5734cad23,[],null,[]
aniso_k300,new_matched_realization,A,77395,complete,/mnt/vast01/users/fouad.oubari/msgm/rafm-additions/outputs_rafm_input_study/v1/final/aniso_k300/A/seed_77395/result.json,2677e0b38358556f089bd9fb8e9d3bd068870279239da8526cbb36a8ea257b95,[],null,[]
aniso_k300,new_matched_realization,A,65457,complete,/mnt/vast01/users/fouad.oubari/msgm/rafm-additions/outputs_rafm_input_study/v1/final/aniso_k300/A/seed_65457/result.json,f92f3ffffb880a5e6c24abbefa2a02154d98270c776d7c7def62406868a11aaf,[],null,[]
aniso_k300,new_matched_realization,B,8925,complete,/mnt/vast01/users/fouad.oubari/msgm/rafm-additions/outputs_rafm_input_study/v1/final/aniso_k300/B/seed_8925/result.json,3000028b8fadd268694138141a3e88b1251f92ce00311eeeb50bd94c8e4e2d94,[],null,[]
aniso_k300,new_matched_realization,B,77395,complete,/mnt/vast01/users/fouad.oubari/msgm/rafm-additions/outputs_rafm_input_study/v1/final/aniso_k300/B/seed_77395/result.json,0640d6eff53f5e7764e78825d1b4aa641f1763193764324e61408e0e6c22635d,[],null,[]
aniso_k300,new_matched_realization,B,65457,complete,/mnt/vast01/users/fouad.oubari/msgm/rafm-additions/outputs_rafm_input_study/v1/final/aniso_k300/B/seed_65457/result.json,b964ccb4fd6ee94921e598371f1d053266bcd03ddc34bb8a6c5bbb5044523199,[],null,[]
aniso_k300,new_matched_realization,C,8925,complete,/mnt/vast01/users/fouad.oubari/msgm/rafm-additions/outputs_rafm_input_study/v1/final/aniso_k300/C/seed_8925/result.json,42502b62410e586ec7d370ca34eb627c7b651d07645f5b1daa6cfdaa4f762401,[],null,[]
aniso_k300,new_matched_realization,C,77395,complete,/mnt/vast01/users/fouad.oubari/msgm/rafm-additions/outputs_rafm_input_study/v1/final/aniso_k300/C/seed_77395/result.json,ec26bc9305a2290d912c0888c284ec5145d482e6ae2de35e470d212ce32ded20,[],null,[]
aniso_k300,new_matched_realization,C,65457,complete,/mnt/vast01/users/fouad.oubari/msgm/rafm-additions/outputs_rafm_input_study/v1/final/aniso_k300/C/seed_65457/result.json,45288cd7ff2a138b5b78f616671129942c7cf3e8304eaa55fcf0fc2cf75847ac,[],null,[]
audiomnist_stft,new_matched_runs_on_verified_existing_cache,A,8925,complete,/mnt/vast01/users/fouad.oubari/msgm/rafm-additions/outputs_rafm_input_study/v1/final/audiomnist_stft/A/seed_8925/result.json,a869e22b0d844909e227e1ed850cc6611f4c1e0717bc81febf8ceedb87cbcfea,[],null,[]
audiomnist_stft,new_matched_runs_on_verified_existing_cache,A,1234,complete,/mnt/vast01/users/fouad.oubari/msgm/rafm-additions/outputs_rafm_input_study/v1/final/audiomnist_stft/A/seed_1234/result.json,10bdff95832b421e081dc431f62582c24fd63c95e48696bb6abbf87cf045e3d5,[],null,[]
audiomnist_stft,new_matched_runs_on_verified_existing_cache,A,7,complete,/mnt/vast01/users/fouad.oubari/msgm/rafm-additions/outputs_rafm_input_study/v1/final/audiomnist_stft/A/seed_7/result.json,b644c63755dc962cff7f1337e20b46ce29ab1b188fc62c4b4a09a965e4b7b419,[],null,[]
audiomnist_stft,new_matched_runs_on_verified_existing_cache,B,8925,complete,/mnt/vast01/users/fouad.oubari/msgm/rafm-additions/outputs_rafm_input_study/v1/final/audiomnist_stft/B/seed_8925/result.json,4ee7b7e09819cd805beda4a4dc260e7430f634651adf88cbdf41df4eb09c64c2,[],null,[]
audiomnist_stft,new_matched_runs_on_verified_existing_cache,B,1234,complete,/mnt/vast01/users/fouad.oubari/msgm/rafm-additions/outputs_rafm_input_study/v1/final/audiomnist_stft/B/seed_1234/result.json,ff3765de818baa0b55d1edf172ecbad2203c07c3785b921499b80b55ead65637,[],null,[]
audiomnist_stft,new_matched_runs_on_verified_existing_cache,B,7,complete,/mnt/vast01/users/fouad.oubari/msgm/rafm-additions/outputs_rafm_input_study/v1/final/audiomnist_stft/B/seed_7/result.json,ad1604dd7a05155c28d999774ce839582262046b54e3909e75f8f04cff7eaa2d,[],null,[]
audiomnist_stft,new_matched_runs_on_verified_existing_cache,C,8925,complete,/mnt/vast01/users/fouad.oubari/msgm/rafm-additions/outputs_rafm_input_study/v1/final/audiomnist_stft/C/seed_8925/result.json,f823ea4a0713a5df177ea4920fa45f509c2293fc4777a38a18c6701c9acb3659,[],null,[]
audiomnist_stft,new_matched_runs_on_verified_existing_cache,C,1234,complete,/mnt/vast01/users/fouad.oubari/msgm/rafm-additions/outputs_rafm_input_study/v1/final/audiomnist_stft/C/seed_1234/result.json,2966ed7d7a45e2ee98f5cf6d65d9e215336cbf89ff9522fc9ce82bae5c8223bd,[],null,[]
audiomnist_stft,new_matched_runs_on_verified_existing_cache,C,7,complete,/mnt/vast01/users/fouad.oubari/msgm/rafm-additions/outputs_rafm_input_study/v1/final/audiomnist_stft/C/seed_7/result.json,00f385470a90245fc734489779be2e99cdf59d66eb6e87e56f30a39f3406b561,[],null,[]
finance_ff49,new_matched_runs_on_verified_existing_cache,A,8925,complete,/mnt/vast01/users/fouad.oubari/msgm/rafm-additions/outputs_rafm_input_study/v1/final/finance_ff49/A/seed_8925/result.json,8900b3fcd3c5524a997072c9beca4702f6c05d49ecc3eb8c7d15abe78b4ef1ca,[],null,[]
finance_ff49,new_matched_runs_on_verified_existing_cache,A,77395,complete,/mnt/vast01/users/fouad.oubari/msgm/rafm-additions/outputs_rafm_input_study/v1/final/finance_ff49/A/seed_77395/result.json,ecfe81b3908c99a747f09b5dae9f92cd509fdf4d074586303254439d34fe5312,[],null,[]
finance_ff49,new_matched_runs_on_verified_existing_cache,A,65457,complete,/mnt/vast01/users/fouad.oubari/msgm/rafm-additions/outputs_rafm_input_study/v1/final/finance_ff49/A/seed_65457/result.json,46fea1f9c4f853c265e5a0cfab0590f2b9b922077c6488c54bc940fcd480cac3,[],null,[]
finance_ff49,new_matched_runs_on_verified_existing_cache,B,8925,complete,/mnt/vast01/users/fouad.oubari/msgm/rafm-additions/outputs_rafm_input_study/v1/final/finance_ff49/B/seed_8925/result.json,66b5b0c9abdcbeb2f747763cc34c3ba3fb5352e9033535b324b0b7360a58e2b1,[],null,[]
finance_ff49,new_matched_runs_on_verified_existing_cache,B,77395,complete,/mnt/vast01/users/fouad.oubari/msgm/rafm-additions/outputs_rafm_input_study/v1/final/finance_ff49/B/seed_77395/result.json,56ac0d3391b977ee96057e8fcb89ffc04656d61a5d51a78e806e75e1986b0f48,[],null,[]
finance_ff49,new_matched_runs_on_verified_existing_cache,B,65457,complete,/mnt/vast01/users/fouad.oubari/msgm/rafm-additions/outputs_rafm_input_study/v1/final/finance_ff49/B/seed_65457/result.json,257b7e621fd522dd03e640c42c56320e6b2fa7fddd3bb27e8d10a4259c869f8d,[],null,[]
finance_ff49,new_matched_runs_on_verified_existing_cache,C,8925,complete,/mnt/vast01/users/fouad.oubari/msgm/rafm-additions/outputs_rafm_input_study/v1/final/finance_ff49/C/seed_8925/result.json,4f6e4a733d869b87f111b24185d50d9c517f5864a4352d09401d5bc120194631,[],null,[]
finance_ff49,new_matched_runs_on_verified_existing_cache,C,77395,complete,/mnt/vast01/users/fouad.oubari/msgm/rafm-additions/outputs_rafm_input_study/v1/final/finance_ff49/C/seed_77395/result.json,1c5d052d5006d0d6f3a6519f89113d678c2e5fd89c8c8cd4c9598453f69ac6bd,[],null,[]
finance_ff49,new_matched_runs_on_verified_existing_cache,C,65457,complete,/mnt/vast01/users/fouad.oubari/msgm/rafm-additions/outputs_rafm_input_study/v1/final/finance_ff49/C/seed_65457/result.json,88290d57a6d464db378de3132291045ea7646ccf74128dba387ca5300b69a3c2,[],null,[]
gaussian_aniso_d16_cor,new_matched_realization,A,8925,complete,/mnt/vast01/users/fouad.oubari/msgm/rafm-additions/outputs_rafm_input_study/v1/final/gaussian_aniso_d16_cor/A/seed_8925/result.json,8d6071082a2dc743d068c010506448f9e316c01ed4a6727bc785c37b7ce9c21a,[],null,[]
gaussian_aniso_d16_cor,new_matched_realization,A,77395,complete,/mnt/vast01/users/fouad.oubari/msgm/rafm-additions/outputs_rafm_input_study/v1/final/gaussian_aniso_d16_cor/A/seed_77395/result.json,0befe728c674a2a2fadb5e9fd57d6979e8c21d8861cdfe4212a82d3e33ed66fc,[],null,[]
gaussian_aniso_d16_cor,new_matched_realization,A,65457,complete,/mnt/vast01/users/fouad.oubari/msgm/rafm-additions/outputs_rafm_input_study/v1/final/gaussian_aniso_d16_cor/A/seed_65457/result.json,c3a614545f0d9b1a29b902152a08e2f1e38bf95ff092769b1e3b6aba6406b379,[],null,[]
gaussian_aniso_d16_cor,new_matched_realization,B,8925,complete,/mnt/vast01/users/fouad.oubari/msgm/rafm-additions/outputs_rafm_input_study/v1/final/gaussian_aniso_d16_cor/B/seed_8925/result.json,8033e0508345d93085f13dd92df49837418944820b75d96b00144b70c3dfda8b,[],null,[]
gaussian_aniso_d16_cor,new_matched_realization,B,77395,complete,/mnt/vast01/users/fouad.oubari/msgm/rafm-additions/outputs_rafm_input_study/v1/final/gaussian_aniso_d16_cor/B/seed_77395/result.json,f0a7f26cf5894fa4cd8b27ee2cacd63b03ff7db48f50d75388824b082bd73406,[],null,[]
gaussian_aniso_d16_cor,new_matched_realization,B,65457,complete,/mnt/vast01/users/fouad.oubari/msgm/rafm-additions/outputs_rafm_input_study/v1/final/gaussian_aniso_d16_cor/B/seed_65457/result.json,d323c0d35d1e876f08d3740cca540b16627ff23885a5d3b9020bddf96b34d1ab,[],null,[]
gaussian_aniso_d16_cor,new_matched_realization,C,8925,complete,/mnt/vast01/users/fouad.oubari/msgm/rafm-additions/outputs_rafm_input_study/v1/final/gaussian_aniso_d16_cor/C/seed_8925/result.json,235aec0b6c71ff861eda858f5f691c94253d184149b4781c2584a7fb764ca4d0,[],null,[]
gaussian_aniso_d16_cor,new_matched_realization,C,77395,complete,/mnt/vast01/users/fouad.oubari/msgm/rafm-additions/outputs_rafm_input_study/v1/final/gaussian_aniso_d16_cor/C/seed_77395/result.json,3fc9804fe7ff64b6406a38a00744cbf729961af3046167718014a02149872b3a,[],null,[]
gaussian_aniso_d16_cor,new_matched_realization,C,65457,complete,/mnt/vast01/users/fouad.oubari/msgm/rafm-additions/outputs_rafm_input_study/v1/final/gaussian_aniso_d16_cor/C/seed_65457/result.json,c6d931da303b32f29fa6cd018c128ebae4c11d821286dfc70f018caba2a3cf00,[],null,[]
imagenette_dcae,new_matched_runs_on_verified_existing_cache,A,8925,complete,/mnt/vast01/users/fouad.oubari/msgm/rafm-additions/outputs_rafm_input_study/v1/final/imagenette_dcae/A/seed_8925/result.json,f400706ac6ee5820eea4b02a6ab1e2aceda56c857d12584bb93d7147dd39b5ef,[],null,[]
imagenette_dcae,new_matched_runs_on_verified_existing_cache,A,1234,complete,/mnt/vast01/users/fouad.oubari/msgm/rafm-additions/outputs_rafm_input_study/v1/final/imagenette_dcae/A/seed_1234/result.json,3dbaa6d3dea18866eb982a2e8bec9132f3354661d5d777bbc6de78d958b20573,[],null,[]
imagenette_dcae,new_matched_runs_on_verified_existing_cache,A,7,complete,/mnt/vast01/users/fouad.oubari/msgm/rafm-additions/outputs_rafm_input_study/v1/final/imagenette_dcae/A/seed_7/result.json,f487b4b9c301a7e0ad5e666b3c370b9c061b9d5f805667604d8926b5ca703a4d,[],null,[]
imagenette_dcae,new_matched_runs_on_verified_existing_cache,B,8925,complete,/mnt/vast01/users/fouad.oubari/msgm/rafm-additions/outputs_rafm_input_study/v1/final/imagenette_dcae/B/seed_8925/result.json,48b7e69d8af604db2c1482e053051dba92b991c50ee0595dbcdff1cfe3b6bbab,[],null,[]
imagenette_dcae,new_matched_runs_on_verified_existing_cache,B,1234,complete,/mnt/vast01/users/fouad.oubari/msgm/rafm-additions/outputs_rafm_input_study/v1/final/imagenette_dcae/B/seed_1234/result.json,383ff988ca1955f62c552f9275adf5808a6102c848c39240bdd34e1887769ad0,[],null,[]
imagenette_dcae,new_matched_runs_on_verified_existing_cache,B,7,complete,/mnt/vast01/users/fouad.oubari/msgm/rafm-additions/outputs_rafm_input_study/v1/final/imagenette_dcae/B/seed_7/result.json,7224160e0e984e3c79d2537f8bbf49b2b55b05305fce1ce92d474b22cf0a6479,[],null,[]
imagenette_dcae,new_matched_runs_on_verified_existing_cache,C,8925,complete,/mnt/vast01/users/fouad.oubari/msgm/rafm-additions/outputs_rafm_input_study/v1/final/imagenette_dcae/C/seed_8925/result.json,54dae492db5648290c087d0a3bcaf76db39794287e302c1f5c4f79e4760cd2f3,[],null,[]
imagenette_dcae,new_matched_runs_on_verified_existing_cache,C,1234,complete,/mnt/vast01/users/fouad.oubari/msgm/rafm-additions/outputs_rafm_input_study/v1/final/imagenette_dcae/C/seed_1234/result.json,4dffca2bd1858b66e00238172b7038c4c7a22315c2e058f8227a5c33d30f3849,[],null,[]
imagenette_dcae,new_matched_runs_on_verified_existing_cache,C,7,complete,/mnt/vast01/users/fouad.oubari/msgm/rafm-additions/outputs_rafm_input_study/v1/final/imagenette_dcae/C/seed_7/result.json,206e8e7ff4136560d97c42afd4767ebc6260cb5247e3998d9224d14713fd03ef,[],null,[]
piv_d16,new_matched_runs_on_verified_existing_cache,A,8925,complete,/mnt/vast01/users/fouad.oubari/msgm/rafm-additions/outputs_rafm_input_study/v1/final/piv_d16/A/seed_8925/result.json,cc87d1d4aa6c8b79b335fa874728c51917982ec26596f22cb31f8038f0260178,[],null,[]
piv_d16,new_matched_runs_on_verified_existing_cache,A,77395,complete,/mnt/vast01/users/fouad.oubari/msgm/rafm-additions/outputs_rafm_input_study/v1/final/piv_d16/A/seed_77395/result.json,be4979a8200073e0ba01763bd7388a27666e53c0e5f60f5f31762189e1168315,[],null,[]
piv_d16,new_matched_runs_on_verified_existing_cache,A,65457,complete,/mnt/vast01/users/fouad.oubari/msgm/rafm-additions/outputs_rafm_input_study/v1/final/piv_d16/A/seed_65457/result.json,cae6cf634f0142015d45e31f98fc59731f411c91e23aa7a1d85ed94534b8169e,[],null,[]
piv_d16,new_matched_runs_on_verified_existing_cache,B,8925,complete,/mnt/vast01/users/fouad.oubari/msgm/rafm-additions/outputs_rafm_input_study/v1/final/piv_d16/B/seed_8925/result.json,84e89c748a948c51f2936bab2775704fbffbbb9be99e9f48340d8c3517209f52,[],null,[]
piv_d16,new_matched_runs_on_verified_existing_cache,B,77395,complete,/mnt/vast01/users/fouad.oubari/msgm/rafm-additions/outputs_rafm_input_study/v1/final/piv_d16/B/seed_77395/result.json,9fb37dc93c6a0be1876e9ce3c841cc5aaeddaaf62846757366e8e11587284f40,[],null,[]
piv_d16,new_matched_runs_on_verified_existing_cache,B,65457,complete,/mnt/vast01/users/fouad.oubari/msgm/rafm-additions/outputs_rafm_input_study/v1/final/piv_d16/B/seed_65457/result.json,2d6feff55987f4e077b4c070a2e9ae12abd81e6e0c97a730f0cb056b11295e6e,[],null,[]
piv_d16,new_matched_runs_on_verified_existing_cache,C,8925,complete,/mnt/vast01/users/fouad.oubari/msgm/rafm-additions/outputs_rafm_input_study/v1/final/piv_d16/C/seed_8925/result.json,e77835881ebcd70871a8729e6108b3a8abc5a966bfd718abe0ee455efc9352d0,[],null,[]
piv_d16,new_matched_runs_on_verified_existing_cache,C,77395,complete,/mnt/vast01/users/fouad.oubari/msgm/rafm-additions/outputs_rafm_input_study/v1/final/piv_d16/C/seed_77395/result.json,7a08075e76c8b6dfc3ef5ed390c3ab0d063b16fb37ce8580815da656454ce156,[],null,[]
piv_d16,new_matched_runs_on_verified_existing_cache,C,65457,complete,/mnt/vast01/users/fouad.oubari/msgm/rafm-additions/outputs_rafm_input_study/v1/final/piv_d16/C/seed_65457/result.json,01c2347deccff47683ddc41e1f857e69bb3c2c81b0b5c4885801451dbdbd9bdd,[],null,[]
piv_d256,new_matched_runs_on_verified_existing_cache,A,8925,complete,/mnt/vast01/users/fouad.oubari/msgm/rafm-additions/outputs_rafm_input_study/v1/final/piv_d256/A/seed_8925/result.json,374ab3c54a665f38b0bd5502df9a19d6252fc300d1f2fd2f8825d2e9a131a40a,[],null,[]
piv_d256,new_matched_runs_on_verified_existing_cache,A,77395,complete,/mnt/vast01/users/fouad.oubari/msgm/rafm-additions/outputs_rafm_input_study/v1/final/piv_d256/A/seed_77395/result.json,78f55e1fc5e126fda08b8eb0b74ff4023b3d3c24c11f298e829914021da04e7c,[],null,[]
piv_d256,new_matched_runs_on_verified_existing_cache,A,65457,complete,/mnt/vast01/users/fouad.oubari/msgm/rafm-additions/outputs_rafm_input_study/v1/final/piv_d256/A/seed_65457/result.json,0f4c88f1ec69fd96e8c0535ac396db4282b3bf849b13ac47aa81a85d67221585,[],null,[]
piv_d256,new_matched_runs_on_verified_existing_cache,B,8925,complete,/mnt/vast01/users/fouad.oubari/msgm/rafm-additions/outputs_rafm_input_study/v1/final/piv_d256/B/seed_8925/result.json,afdf91d4577e82ecf8737ae6756b0c34a9306329820b49a4a39603403125220f,[],null,[]
piv_d256,new_matched_runs_on_verified_existing_cache,B,77395,complete,/mnt/vast01/users/fouad.oubari/msgm/rafm-additions/outputs_rafm_input_study/v1/final/piv_d256/B/seed_77395/result.json,b260c0b09ccb5eaafa38f8313ad11ec12f7761a7834420c3db141465b14696c3,[],null,[]
piv_d256,new_matched_runs_on_verified_existing_cache,B,65457,complete,/mnt/vast01/users/fouad.oubari/msgm/rafm-additions/outputs_rafm_input_study/v1/final/piv_d256/B/seed_65457/result.json,a85cb0e8abf9c9074f29812f7d8542bd0b1912b6a7d5a2dc7fc24c614996aee7,[],null,[]
piv_d256,new_matched_runs_on_verified_existing_cache,C,8925,complete,/mnt/vast01/users/fouad.oubari/msgm/rafm-additions/outputs_rafm_input_study/v1/final/piv_d256/C/seed_8925/result.json,eb86ae0011405e87b23354499f6fd473a8623cd938d578dadc068434c86f6d9c,[],null,[]
piv_d256,new_matched_runs_on_verified_existing_cache,C,77395,complete,/mnt/vast01/users/fouad.oubari/msgm/rafm-additions/outputs_rafm_input_study/v1/final/piv_d256/C/seed_77395/result.json,a31f9eeee71f4152a2ac73849c8cbb4fa69f420b8440662656373c068365fd2d,[],null,[]
piv_d256,new_matched_runs_on_verified_existing_cache,C,65457,complete,/mnt/vast01/users/fouad.oubari/msgm/rafm-additions/outputs_rafm_input_study/v1/final/piv_d256/C/seed_65457/result.json,0e5d86a8ca71722500db3e7d9780ed3bed9e716dbb7ddfa4f35d74e1861ad013,[],null,[]
piv_d32,new_matched_runs_on_verified_existing_cache,A,8925,complete,/mnt/vast01/users/fouad.oubari/msgm/rafm-additions/outputs_rafm_input_study/v1/final/piv_d32/A/seed_8925/result.json,df4812f95cbe52f104b2459358bc03eb7360de4f47366d575a088a06fd67b552,[],null,[]
piv_d32,new_matched_runs_on_verified_existing_cache,A,77395,complete,/mnt/vast01/users/fouad.oubari/msgm/rafm-additions/outputs_rafm_input_study/v1/final/piv_d32/A/seed_77395/result.json,3b3a135d717ef52e1f2ea0e980efd32e7fdad524c3fb962f63f57725fa0b0c9f,[],null,[]
piv_d32,new_matched_runs_on_verified_existing_cache,A,65457,complete,/mnt/vast01/users/fouad.oubari/msgm/rafm-additions/outputs_rafm_input_study/v1/final/piv_d32/A/seed_65457/result.json,d9a856f30dcac5d751b542a3a82152f1c8ff1a1611e5c9c1d7c5963920a1107b,[],null,[]
piv_d32,new_matched_runs_on_verified_existing_cache,B,8925,complete,/mnt/vast01/users/fouad.oubari/msgm/rafm-additions/outputs_rafm_input_study/v1/final/piv_d32/B/seed_8925/result.json,9c1abaf4bb52e08c1494aea99b2852b1c64617da8984ca2791c11739c14b5927,[],null,[]
piv_d32,new_matched_runs_on_verified_existing_cache,B,77395,complete,/mnt/vast01/users/fouad.oubari/msgm/rafm-additions/outputs_rafm_input_study/v1/final/piv_d32/B/seed_77395/result.json,ef798306aef9c537d7d8077e9ec8e7c71236f23e48b973380fa40331583c90cd,[],null,[]
piv_d32,new_matched_runs_on_verified_existing_cache,B,65457,complete,/mnt/vast01/users/fouad.oubari/msgm/rafm-additions/outputs_rafm_input_study/v1/final/piv_d32/B/seed_65457/result.json,6a996bf58bc29f965957c22c71e3f2604c39fd9ed9f609280d84490c5f2a5722,[],null,[]
piv_d32,new_matched_runs_on_verified_existing_cache,C,8925,complete,/mnt/vast01/users/fouad.oubari/msgm/rafm-additions/outputs_rafm_input_study/v1/final/piv_d32/C/seed_8925/result.json,23ea2dcf0850dcd826c19d1127f239f484b592d48305ca2c306a9ebba5b92088,[],null,[]
piv_d32,new_matched_runs_on_verified_existing_cache,C,77395,complete,/mnt/vast01/users/fouad.oubari/msgm/rafm-additions/outputs_rafm_input_study/v1/final/piv_d32/C/seed_77395/result.json,0583f5f85d03e5dab4c3b55955da471623beb625860bfc5fed27f36372bcc5c1,[],null,[]
piv_d32,new_matched_runs_on_verified_existing_cache,C,65457,complete,/mnt/vast01/users/fouad.oubari/msgm/rafm-additions/outputs_rafm_input_study/v1/final/piv_d32/C/seed_65457/result.json,4b9650780dbdd6b20639f308a6de659a5350c851366fb3911ac97f131a4d05cb,[],null,[]
piv_d64,new_matched_runs_on_verified_existing_cache,A,8925,complete,/mnt/vast01/users/fouad.oubari/msgm/rafm-additions/outputs_rafm_input_study/v1/final/piv_d64/A/seed_8925/result.json,904eadfaabfeb6fe759dccd81904674fcdb88d35bf28936d4256cb3bb5ea48a7,[],null,[]
piv_d64,new_matched_runs_on_verified_existing_cache,A,77395,complete,/mnt/vast01/users/fouad.oubari/msgm/rafm-additions/outputs_rafm_input_study/v1/final/piv_d64/A/seed_77395/result.json,6dbab0fe8cc91a6181e2d2d2bd5199d8ee76ca6965e0b78db1ea503e2f46d94b,[],null,[]
piv_d64,new_matched_runs_on_verified_existing_cache,A,65457,complete,/mnt/vast01/users/fouad.oubari/msgm/rafm-additions/outputs_rafm_input_study/v1/final/piv_d64/A/seed_65457/result.json,679feb032333de950f5dba353ae56a7b25e4ea4a8aae88ab4a1cbc90d8ff48c8,[],null,[]
piv_d64,new_matched_runs_on_verified_existing_cache,B,8925,complete,/mnt/vast01/users/fouad.oubari/msgm/rafm-additions/outputs_rafm_input_study/v1/final/piv_d64/B/seed_8925/result.json,a67cae825b46eb509e1d6470b68d8d08493ecfa1908781b000023a242f0e3248,[],null,[]
piv_d64,new_matched_runs_on_verified_existing_cache,B,77395,complete,/mnt/vast01/users/fouad.oubari/msgm/rafm-additions/outputs_rafm_input_study/v1/final/piv_d64/B/seed_77395/result.json,e83cbe645a21f9b70de5bb283470099c04f430e3352c699ca2240c0ffc236c22,[],null,[]
piv_d64,new_matched_runs_on_verified_existing_cache,B,65457,complete,/mnt/vast01/users/fouad.oubari/msgm/rafm-additions/outputs_rafm_input_study/v1/final/piv_d64/B/seed_65457/result.json,0b32d7b4035fb16d888d75d1e78abefa1dedaa53b11f9b34b54c3559601d641f,[],null,[]
piv_d64,new_matched_runs_on_verified_existing_cache,C,8925,complete,/mnt/vast01/users/fouad.oubari/msgm/rafm-additions/outputs_rafm_input_study/v1/final/piv_d64/C/seed_8925/result.json,8367f7291a6d61724301c771e35c095ad8a0b0b4f33bef07322ea63ccabe8686,[],null,[]
piv_d64,new_matched_runs_on_verified_existing_cache,C,77395,complete,/mnt/vast01/users/fouad.oubari/msgm/rafm-additions/outputs_rafm_input_study/v1/final/piv_d64/C/seed_77395/result.json,e2f837d01a88389f72430710e1f2ef3d083cc1ec74c47ab9fc35f60d039bcac2,[],null,[]
piv_d64,new_matched_runs_on_verified_existing_cache,C,65457,complete,/mnt/vast01/users/fouad.oubari/msgm/rafm-additions/outputs_rafm_input_study/v1/final/piv_d64/C/seed_65457/result.json,0a5dbdd4ac3734f311b44d7d320ff428e806c5f9585aa7182701d28c22a38f82,[],null,[]
student_t_d128_df3.0_cor,new_matched_realization,A,8925,complete,/mnt/vast01/users/fouad.oubari/msgm/rafm-additions/outputs_rafm_input_study/v1/final/student_t_d128_df3.0_cor/A/seed_8925/result.json,c333f2a824d376e60a4a2df58e416d8103cef0a3286764be571c30caae86a03d,[],null,[]
student_t_d128_df3.0_cor,new_matched_realization,A,77395,complete,/mnt/vast01/users/fouad.oubari/msgm/rafm-additions/outputs_rafm_input_study/v1/final/student_t_d128_df3.0_cor/A/seed_77395/result.json,b7995237ddd3d7499114178577447b3fdaf7f1a206ff1f810cb3454502461ef7,[],null,[]
student_t_d128_df3.0_cor,new_matched_realization,A,65457,complete,/mnt/vast01/users/fouad.oubari/msgm/rafm-additions/outputs_rafm_input_study/v1/final/student_t_d128_df3.0_cor/A/seed_65457/result.json,a8b166ddd180b595fa808cff2f6c87ef9cc1b170139e0b0e7290d5ac5f975fed,[],null,[]
student_t_d128_df3.0_cor,new_matched_realization,B,8925,complete,/mnt/vast01/users/fouad.oubari/msgm/rafm-additions/outputs_rafm_input_study/v1/final/student_t_d128_df3.0_cor/B/seed_8925/result.json,1c97f5f19ec688a17efd0b1b5fffab7c304ac77461d3d9db914e62305645efe3,[],null,[]
student_t_d128_df3.0_cor,new_matched_realization,B,77395,complete,/mnt/vast01/users/fouad.oubari/msgm/rafm-additions/outputs_rafm_input_study/v1/final/student_t_d128_df3.0_cor/B/seed_77395/result.json,7fb08f6196d5136fe26b179dbc552773f459f604aaab561b3e64759c33b2a49e,[],null,[]
student_t_d128_df3.0_cor,new_matched_realization,B,65457,complete,/mnt/vast01/users/fouad.oubari/msgm/rafm-additions/outputs_rafm_input_study/v1/final/student_t_d128_df3.0_cor/B/seed_65457/result.json,4f6dd53d8fa9752383fa20fbb8c5dddc6194a1a570fe4f0f947edcd3d6435209,[],null,[]
student_t_d128_df3.0_cor,new_matched_realization,C,8925,complete,/mnt/vast01/users/fouad.oubari/msgm/rafm-additions/outputs_rafm_input_study/v1/final/student_t_d128_df3.0_cor/C/seed_8925/result.json,f7d429287ffbc5ee893162a6dbeab3b352e9836373fcb9d96383b45bfea9441d,[],null,[]
student_t_d128_df3.0_cor,new_matched_realization,C,77395,complete,/mnt/vast01/users/fouad.oubari/msgm/rafm-additions/outputs_rafm_input_study/v1/final/student_t_d128_df3.0_cor/C/seed_77395/result.json,331862a251774c3581c1900d1e6e61edfc7795618cc961a48819649b4d73b8ce,[],null,[]
student_t_d128_df3.0_cor,new_matched_realization,C,65457,complete,/mnt/vast01/users/fouad.oubari/msgm/rafm-additions/outputs_rafm_input_study/v1/final/student_t_d128_df3.0_cor/C/seed_65457/result.json,24595c3f56dccb3bbdb7757f08db9a0463171b435490ddb85659c37464e3d30b,[],null,[]
student_t_d16_df1.5_cor,new_matched_realization,A,8925,complete,/mnt/vast01/users/fouad.oubari/msgm/rafm-additions/outputs_rafm_input_study/v1/final/student_t_d16_df1.5_cor/A/seed_8925/result.json,3c13d3b675cb146a0e4366526fd9b5dddf60547c816dda5bd8731966c1e2bbf3,[],null,[]
student_t_d16_df1.5_cor,new_matched_realization,A,77395,complete,/mnt/vast01/users/fouad.oubari/msgm/rafm-additions/outputs_rafm_input_study/v1/final/student_t_d16_df1.5_cor/A/seed_77395/result.json,07397edf7be7792d54ea41eaa3464503f82e33432de8981f23a7d43ade5c2d77,[],null,[]
student_t_d16_df1.5_cor,new_matched_realization,A,65457,complete,/mnt/vast01/users/fouad.oubari/msgm/rafm-additions/outputs_rafm_input_study/v1/final/student_t_d16_df1.5_cor/A/seed_65457/result.json,c6d44a4b20ae7e5b806b4bbfedf7cedd7aa828193b0a9b6aa1dd1259b2b6abb5,[],null,[]
student_t_d16_df1.5_cor,new_matched_realization,B,8925,complete,/mnt/vast01/users/fouad.oubari/msgm/rafm-additions/outputs_rafm_input_study/v1/final/student_t_d16_df1.5_cor/B/seed_8925/result.json,60aef15b88eb74076b36b8240de1814d07920323853d2b54c67e4f346167e356,[],null,[]
student_t_d16_df1.5_cor,new_matched_realization,B,77395,complete,/mnt/vast01/users/fouad.oubari/msgm/rafm-additions/outputs_rafm_input_study/v1/final/student_t_d16_df1.5_cor/B/seed_77395/result.json,4d0c4cb979b92c265d52ca23f8bd1633db4d7d34d04a3a5c3d16afcc59b9b156,[],null,[]
student_t_d16_df1.5_cor,new_matched_realization,B,65457,complete,/mnt/vast01/users/fouad.oubari/msgm/rafm-additions/outputs_rafm_input_study/v1/final/student_t_d16_df1.5_cor/B/seed_65457/result.json,7fe91f6e14128674bb3d253a8978131142179cbeb5ba8683cabc4899e597774f,[],null,[]
student_t_d16_df1.5_cor,new_matched_realization,C,8925,complete,/mnt/vast01/users/fouad.oubari/msgm/rafm-additions/outputs_rafm_input_study/v1/final/student_t_d16_df1.5_cor/C/seed_8925/result.json,73f4d248cdf38d5aaf505810fbec46f6d9c0dc1df9f5c924f6efdab002b0989e,[],null,[]
student_t_d16_df1.5_cor,new_matched_realization,C,77395,complete,/mnt/vast01/users/fouad.oubari/msgm/rafm-additions/outputs_rafm_input_study/v1/final/student_t_d16_df1.5_cor/C/seed_77395/result.json,9cec3e6589cc916c0bdb5c0210f3283c024133e14b9f87109cdaec38f5813153,[],null,[]
student_t_d16_df1.5_cor,new_matched_realization,C,65457,complete,/mnt/vast01/users/fouad.oubari/msgm/rafm-additions/outputs_rafm_input_study/v1/final/student_t_d16_df1.5_cor/C/seed_65457/result.json,e772f5dd8c89acd90792a36e4acad6cd78f18beaf4996ed8bab3e4eb7b76f9d9,[],null,[]
student_t_d16_df10.0_cor,new_matched_realization,A,8925,complete,/mnt/vast01/users/fouad.oubari/msgm/rafm-additions/outputs_rafm_input_study/v1/final/student_t_d16_df10.0_cor/A/seed_8925/result.json,c4621570a0659857ec2b2093967529fc3d703513f3cc9b715169c98fed29c5f3,[],null,[]
student_t_d16_df10.0_cor,new_matched_realization,A,77395,complete,/mnt/vast01/users/fouad.oubari/msgm/rafm-additions/outputs_rafm_input_study/v1/final/student_t_d16_df10.0_cor/A/seed_77395/result.json,b73d40fdad9dabc2c39875d687364dddbf04a4db963c5ebf353299fd242b1803,[],null,[]
student_t_d16_df10.0_cor,new_matched_realization,A,65457,complete,/mnt/vast01/users/fouad.oubari/msgm/rafm-additions/outputs_rafm_input_study/v1/final/student_t_d16_df10.0_cor/A/seed_65457/result.json,a2accaba2533a6af25afe4e8540d538362586a51f29fb6dda1a22ed48991a611,[],null,[]
student_t_d16_df10.0_cor,new_matched_realization,B,8925,complete,/mnt/vast01/users/fouad.oubari/msgm/rafm-additions/outputs_rafm_input_study/v1/final/student_t_d16_df10.0_cor/B/seed_8925/result.json,2b9ae99f0b0257f4e04527627fd61c389b93cae7066c63a354456d9c6aead0d5,[],null,[]
student_t_d16_df10.0_cor,new_matched_realization,B,77395,complete,/mnt/vast01/users/fouad.oubari/msgm/rafm-additions/outputs_rafm_input_study/v1/final/student_t_d16_df10.0_cor/B/seed_77395/result.json,6f2381cfd2b865509cc29067110002ca77581e41a829a8fc81b328d72274fc8f,[],null,[]
student_t_d16_df10.0_cor,new_matched_realization,B,65457,complete,/mnt/vast01/users/fouad.oubari/msgm/rafm-additions/outputs_rafm_input_study/v1/final/student_t_d16_df10.0_cor/B/seed_65457/result.json,650f6305081f30f23775e7e8574394e581c6f246bc035b473d0dd5d46b3d8b62,[],null,[]
student_t_d16_df10.0_cor,new_matched_realization,C,8925,complete,/mnt/vast01/users/fouad.oubari/msgm/rafm-additions/outputs_rafm_input_study/v1/final/student_t_d16_df10.0_cor/C/seed_8925/result.json,0840ff0a8b72e4faa1b27c1a99db9101f1e5683c89fa591cb2a13e2323f7708c,[],null,[]
student_t_d16_df10.0_cor,new_matched_realization,C,77395,complete,/mnt/vast01/users/fouad.oubari/msgm/rafm-additions/outputs_rafm_input_study/v1/final/student_t_d16_df10.0_cor/C/seed_77395/result.json,f110c77c1932cdeb4859f51dd579b1e309663146dcaf4a4ae56063556b402a0d,[],null,[]
student_t_d16_df10.0_cor,new_matched_realization,C,65457,complete,/mnt/vast01/users/fouad.oubari/msgm/rafm-additions/outputs_rafm_input_study/v1/final/student_t_d16_df10.0_cor/C/seed_65457/result.json,ebd276253600bf489520fce3e00f132d0f1aa738d1e5bcbd28d7341ba176e26e,[],null,[]
student_t_d16_df2.0_cor,new_matched_realization,A,8925,complete,/mnt/vast01/users/fouad.oubari/msgm/rafm-additions/outputs_rafm_input_study/v1/final/student_t_d16_df2.0_cor/A/seed_8925/result.json,a2657091880eff35f8f786482f757d5048c2313139851d7afffa86ed723e1603,[],null,[]
student_t_d16_df2.0_cor,new_matched_realization,A,77395,complete,/mnt/vast01/users/fouad.oubari/msgm/rafm-additions/outputs_rafm_input_study/v1/final/student_t_d16_df2.0_cor/A/seed_77395/result.json,08b7a55f880cc4817cb8062b06d27390a8664f079396b1337497fc30a9bb0f54,[],null,[]
student_t_d16_df2.0_cor,new_matched_realization,A,65457,complete,/mnt/vast01/users/fouad.oubari/msgm/rafm-additions/outputs_rafm_input_study/v1/final/student_t_d16_df2.0_cor/A/seed_65457/result.json,b62f02284d45436094f35a56c764a5129674d7ce5a6d9d810d17286a819b34d3,[],null,[]
student_t_d16_df2.0_cor,new_matched_realization,B,8925,complete,/mnt/vast01/users/fouad.oubari/msgm/rafm-additions/outputs_rafm_input_study/v1/final/student_t_d16_df2.0_cor/B/seed_8925/result.json,ef725e44d6d6fcbd50ec2107c16a672fe6166d08070b65cb2ec99fd0d377b42b,[],null,[]
student_t_d16_df2.0_cor,new_matched_realization,B,77395,complete,/mnt/vast01/users/fouad.oubari/msgm/rafm-additions/outputs_rafm_input_study/v1/final/student_t_d16_df2.0_cor/B/seed_77395/result.json,2d300f16cad40bc7307ecd8ba08f103265b77309b9cde374a552af235202c77d,[],null,[]
student_t_d16_df2.0_cor,new_matched_realization,B,65457,complete,/mnt/vast01/users/fouad.oubari/msgm/rafm-additions/outputs_rafm_input_study/v1/final/student_t_d16_df2.0_cor/B/seed_65457/result.json,ebd770a681ea9aa7e464cb9e2a43c9232d7c2f3ab1fa1e61da2c1e9809caee50,[],null,[]
student_t_d16_df2.0_cor,new_matched_realization,C,8925,complete,/mnt/vast01/users/fouad.oubari/msgm/rafm-additions/outputs_rafm_input_study/v1/final/student_t_d16_df2.0_cor/C/seed_8925/result.json,c27befdb44a14e21c320a2ce23c2a5dbc9c7853136181a5de00465fab6ddf99a,[],null,[]
student_t_d16_df2.0_cor,new_matched_realization,C,77395,complete,/mnt/vast01/users/fouad.oubari/msgm/rafm-additions/outputs_rafm_input_study/v1/final/student_t_d16_df2.0_cor/C/seed_77395/result.json,27d5500f4f685555fc04b5e9097494ac76cfa72206aba101a8ec45716111b844,[],null,[]
student_t_d16_df2.0_cor,new_matched_realization,C,65457,complete,/mnt/vast01/users/fouad.oubari/msgm/rafm-additions/outputs_rafm_input_study/v1/final/student_t_d16_df2.0_cor/C/seed_65457/result.json,9bef535e2e35eef8ff7ee032aeabf5eec45bc3bcc315136b5dd19fa00bdb0da4,[],null,[]
student_t_d16_df3.0_cor,new_matched_realization,A,8925,complete,/mnt/vast01/users/fouad.oubari/msgm/rafm-additions/outputs_rafm_input_study/v1/final/student_t_d16_df3.0_cor/A/seed_8925/result.json,21791287081cc573c144b89bcb4b183d27311fa393fc0a8921b63fc4de5cec86,[],null,[]
student_t_d16_df3.0_cor,new_matched_realization,A,77395,complete,/mnt/vast01/users/fouad.oubari/msgm/rafm-additions/outputs_rafm_input_study/v1/final/student_t_d16_df3.0_cor/A/seed_77395/result.json,261a9c800866f6087c8b4896edfbd9421938dcd217504de0de3915a9cf4ec515,[],null,[]
student_t_d16_df3.0_cor,new_matched_realization,A,65457,complete,/mnt/vast01/users/fouad.oubari/msgm/rafm-additions/outputs_rafm_input_study/v1/final/student_t_d16_df3.0_cor/A/seed_65457/result.json,502978ff0fc23fea12e84dec72babbe1266ea636049612de23f6c7d02584e14c,[],null,[]
student_t_d16_df3.0_cor,new_matched_realization,B,8925,complete,/mnt/vast01/users/fouad.oubari/msgm/rafm-additions/outputs_rafm_input_study/v1/final/student_t_d16_df3.0_cor/B/seed_8925/result.json,db53a0a27625cb9e10213d5e14eeb741cda3e09c46490cd6abb719228740b940,[],null,[]
student_t_d16_df3.0_cor,new_matched_realization,B,77395,complete,/mnt/vast01/users/fouad.oubari/msgm/rafm-additions/outputs_rafm_input_study/v1/final/student_t_d16_df3.0_cor/B/seed_77395/result.json,a94020eb9a0db26e436f45fac49a60e0eb47ecf4649de5012aba8c256ccba361,[],null,[]
student_t_d16_df3.0_cor,new_matched_realization,B,65457,complete,/mnt/vast01/users/fouad.oubari/msgm/rafm-additions/outputs_rafm_input_study/v1/final/student_t_d16_df3.0_cor/B/seed_65457/result.json,c03ffe8e30c80545bbec8059f7185eb4d825cbed02138b9f175268b6ae171799,[],null,[]
student_t_d16_df3.0_cor,new_matched_realization,C,8925,complete,/mnt/vast01/users/fouad.oubari/msgm/rafm-additions/outputs_rafm_input_study/v1/final/student_t_d16_df3.0_cor/C/seed_8925/result.json,cb569a99271692d7ea340a4edfd82d1aab3c327d3bb356d809f1a7183718f5d0,[],null,[]
student_t_d16_df3.0_cor,new_matched_realization,C,77395,complete,/mnt/vast01/users/fouad.oubari/msgm/rafm-additions/outputs_rafm_input_study/v1/final/student_t_d16_df3.0_cor/C/seed_77395/result.json,53f53f121ce825a9044f92923eaca14d34f0771e0e3635aef46727c710162b4f,[],null,[]
student_t_d16_df3.0_cor,new_matched_realization,C,65457,complete,/mnt/vast01/users/fouad.oubari/msgm/rafm-additions/outputs_rafm_input_study/v1/final/student_t_d16_df3.0_cor/C/seed_65457/result.json,d900bfc06693fa0f14882a6bd6348a73d57de59070afde4e659f5e0cd7369b5c,[],null,[]
student_t_d16_df5.0_cor,new_matched_realization,A,8925,complete,/mnt/vast01/users/fouad.oubari/msgm/rafm-additions/outputs_rafm_input_study/v1/final/student_t_d16_df5.0_cor/A/seed_8925/result.json,88673bb162884bfbc2b98828e591b10e002c4aa76d37393e535f889f8c774d39,[],null,[]
student_t_d16_df5.0_cor,new_matched_realization,A,77395,complete,/mnt/vast01/users/fouad.oubari/msgm/rafm-additions/outputs_rafm_input_study/v1/final/student_t_d16_df5.0_cor/A/seed_77395/result.json,715b7cf063e44c9a9f476efefa63b60bf06abb9c138cadf935ac2c2fb5ae5661,[],null,[]
student_t_d16_df5.0_cor,new_matched_realization,A,65457,complete,/mnt/vast01/users/fouad.oubari/msgm/rafm-additions/outputs_rafm_input_study/v1/final/student_t_d16_df5.0_cor/A/seed_65457/result.json,4af625e4630dea5b505cdfe48a5b1ef16faccd589235ab4c19f9d076d7633b1b,[],null,[]
student_t_d16_df5.0_cor,new_matched_realization,B,8925,complete,/mnt/vast01/users/fouad.oubari/msgm/rafm-additions/outputs_rafm_input_study/v1/final/student_t_d16_df5.0_cor/B/seed_8925/result.json,50b482011e038306c2f75b256b3807bdfaec98cdf40c12ea1358edbb8b5aaa79,[],null,[]
student_t_d16_df5.0_cor,new_matched_realization,B,77395,complete,/mnt/vast01/users/fouad.oubari/msgm/rafm-additions/outputs_rafm_input_study/v1/final/student_t_d16_df5.0_cor/B/seed_77395/result.json,26e8e8473e3686d1562bca323984484986c028a1b70125702d3adda8cc4d4cf0,[],null,[]
student_t_d16_df5.0_cor,new_matched_realization,B,65457,complete,/mnt/vast01/users/fouad.oubari/msgm/rafm-additions/outputs_rafm_input_study/v1/final/student_t_d16_df5.0_cor/B/seed_65457/result.json,43b38009be4388460d03d5e492ac388cefad9e284955ebcfa7a3109250f17275,[],null,[]
student_t_d16_df5.0_cor,new_matched_realization,C,8925,complete,/mnt/vast01/users/fouad.oubari/msgm/rafm-additions/outputs_rafm_input_study/v1/final/student_t_d16_df5.0_cor/C/seed_8925/result.json,19d6983e5eaabb356f776ab6f797c75530b1d67b9fd765c4ca2276060bbfb5a8,[],null,[]
student_t_d16_df5.0_cor,new_matched_realization,C,77395,complete,/mnt/vast01/users/fouad.oubari/msgm/rafm-additions/outputs_rafm_input_study/v1/final/student_t_d16_df5.0_cor/C/seed_77395/result.json,ab7540fdad1b1b3777f4267ad35e1203905e39863902a67a631e62db9354cb6d,[],null,[]
student_t_d16_df5.0_cor,new_matched_realization,C,65457,complete,/mnt/vast01/users/fouad.oubari/msgm/rafm-additions/outputs_rafm_input_study/v1/final/student_t_d16_df5.0_cor/C/seed_65457/result.json,4354130b38b4f510c90e1832cad0e25ec8d565a2a236c41559889ae0d9380095,[],null,[]
student_t_d16_df50.0_cor,new_matched_realization,A,8925,complete,/mnt/vast01/users/fouad.oubari/msgm/rafm-additions/outputs_rafm_input_study/v1/final/student_t_d16_df50.0_cor/A/seed_8925/result.json,325aa6f111d0a2410ea40867579d83b87327b75b9a431650298eea8db27ac1a7,[],null,[]
student_t_d16_df50.0_cor,new_matched_realization,A,77395,complete,/mnt/vast01/users/fouad.oubari/msgm/rafm-additions/outputs_rafm_input_study/v1/final/student_t_d16_df50.0_cor/A/seed_77395/result.json,0a26ab9992f6987d7ce1e443197dc43cedfcceb83007e88604325f8e6d190078,[],null,[]
student_t_d16_df50.0_cor,new_matched_realization,A,65457,complete,/mnt/vast01/users/fouad.oubari/msgm/rafm-additions/outputs_rafm_input_study/v1/final/student_t_d16_df50.0_cor/A/seed_65457/result.json,6dfb5a7af58f9533e20df0135dd42f082f23fa5e1b87cca08c554c489e358a43,[],null,[]
student_t_d16_df50.0_cor,new_matched_realization,B,8925,complete,/mnt/vast01/users/fouad.oubari/msgm/rafm-additions/outputs_rafm_input_study/v1/final/student_t_d16_df50.0_cor/B/seed_8925/result.json,58c6b0b00d3220439c79a3b0f8b05778d030c7ca124e479abd685ba8d80766db,[],null,[]
student_t_d16_df50.0_cor,new_matched_realization,B,77395,complete,/mnt/vast01/users/fouad.oubari/msgm/rafm-additions/outputs_rafm_input_study/v1/final/student_t_d16_df50.0_cor/B/seed_77395/result.json,960604a0f46a851227a330db165c6892616593b92ed4838c6836a28e84480359,[],null,[]
student_t_d16_df50.0_cor,new_matched_realization,B,65457,complete,/mnt/vast01/users/fouad.oubari/msgm/rafm-additions/outputs_rafm_input_study/v1/final/student_t_d16_df50.0_cor/B/seed_65457/result.json,74fd539504924dda890c26e51c16a3bb56ff393ec5240d5a57d18acbc37726fa,[],null,[]
student_t_d16_df50.0_cor,new_matched_realization,C,8925,complete,/mnt/vast01/users/fouad.oubari/msgm/rafm-additions/outputs_rafm_input_study/v1/final/student_t_d16_df50.0_cor/C/seed_8925/result.json,f7945a77928be7303137107d4019b6e26a792cbb91e0b8826e0b5335865b98aa,[],null,[]
student_t_d16_df50.0_cor,new_matched_realization,C,77395,complete,/mnt/vast01/users/fouad.oubari/msgm/rafm-additions/outputs_rafm_input_study/v1/final/student_t_d16_df50.0_cor/C/seed_77395/result.json,2a6dc5f94b669f1321818203164706a50741e52098a0a32d437bc7c0cff47053,[],null,[]
student_t_d16_df50.0_cor,new_matched_realization,C,65457,complete,/mnt/vast01/users/fouad.oubari/msgm/rafm-additions/outputs_rafm_input_study/v1/final/student_t_d16_df50.0_cor/C/seed_65457/result.json,9162410c13cc912765e1ac4ad599ac5563b942f36e2d6c75417be6cdc8462e25,[],null,[]
student_t_d256_df3.0_cor,new_matched_realization,A,8925,complete,/mnt/vast01/users/fouad.oubari/msgm/rafm-additions/outputs_rafm_input_study/v1/final/student_t_d256_df3.0_cor/A/seed_8925/result.json,e20260b36a3e2cea333b3ee5f9b8976431ab8207cfa759ba14072fdff366cb30,[],null,[]
student_t_d256_df3.0_cor,new_matched_realization,A,77395,complete,/mnt/vast01/users/fouad.oubari/msgm/rafm-additions/outputs_rafm_input_study/v1/final/student_t_d256_df3.0_cor/A/seed_77395/result.json,c440d53331bea8c624301949ec1521c44f531023ecb6dd140cff20230c7b5839,[],null,[]
student_t_d256_df3.0_cor,new_matched_realization,A,65457,complete,/mnt/vast01/users/fouad.oubari/msgm/rafm-additions/outputs_rafm_input_study/v1/final/student_t_d256_df3.0_cor/A/seed_65457/result.json,4c4d8c346b51e87aa5072cd4de2bc7704f94b439199460e671dd291bc2ffdd27,[],null,[]
student_t_d256_df3.0_cor,new_matched_realization,B,8925,complete,/mnt/vast01/users/fouad.oubari/msgm/rafm-additions/outputs_rafm_input_study/v1/final/student_t_d256_df3.0_cor/B/seed_8925/result.json,b0f5bea22c02811493da77df6d24f8c7eee1d062b840c60ea3a90879413e5001,[],null,[]
student_t_d256_df3.0_cor,new_matched_realization,B,77395,complete,/mnt/vast01/users/fouad.oubari/msgm/rafm-additions/outputs_rafm_input_study/v1/final/student_t_d256_df3.0_cor/B/seed_77395/result.json,95ee493ad2d3529dd773ce059303c3d0745ce7e68d71a01d6ff6e754df93ce55,[],null,[]
student_t_d256_df3.0_cor,new_matched_realization,B,65457,complete,/mnt/vast01/users/fouad.oubari/msgm/rafm-additions/outputs_rafm_input_study/v1/final/student_t_d256_df3.0_cor/B/seed_65457/result.json,0b223e3891b65a730a0ac37eb0770b2a8b8b30e1705aef46b4ba06020ed8d95b,[],null,[]
student_t_d256_df3.0_cor,new_matched_realization,C,8925,complete,/mnt/vast01/users/fouad.oubari/msgm/rafm-additions/outputs_rafm_input_study/v1/final/student_t_d256_df3.0_cor/C/seed_8925/result.json,a6ba4207f0905407d6c9dc7f13310bc694d4ad0157d3254f6080a993d699f93d,[],null,[]
student_t_d256_df3.0_cor,new_matched_realization,C,77395,complete,/mnt/vast01/users/fouad.oubari/msgm/rafm-additions/outputs_rafm_input_study/v1/final/student_t_d256_df3.0_cor/C/seed_77395/result.json,c7e49804fd55b78123e4bcfd2c2f089fa06aa542a054b6915c91bdeca218b2ad,[],null,[]
student_t_d256_df3.0_cor,new_matched_realization,C,65457,complete,/mnt/vast01/users/fouad.oubari/msgm/rafm-additions/outputs_rafm_input_study/v1/final/student_t_d256_df3.0_cor/C/seed_65457/result.json,1bc50df4a3220d134065f866293ffd6706606321c726408fd88dbe06f8ba5fc3,[],null,[]
student_t_d2_df3.0_cor,new_matched_realization,A,8925,complete,/mnt/vast01/users/fouad.oubari/msgm/rafm-additions/outputs_rafm_input_study/v1/final/student_t_d2_df3.0_cor/A/seed_8925/result.json,0aa8979cbb530132449e0d9126ef58206a06e9a9a0d04832227bf8313276f395,[],null,[]
student_t_d2_df3.0_cor,new_matched_realization,A,77395,complete,/mnt/vast01/users/fouad.oubari/msgm/rafm-additions/outputs_rafm_input_study/v1/final/student_t_d2_df3.0_cor/A/seed_77395/result.json,4dd3d1a973a8020ebc89ae46513dc688046daa929bfe6efd775e069329a8aa3f,[],null,[]
student_t_d2_df3.0_cor,new_matched_realization,A,65457,failed,/mnt/vast01/users/fouad.oubari/msgm/rafm-additions/outputs_rafm_input_study/v1/final/student_t_d2_df3.0_cor/A/seed_65457/result.json,a35f66ca8c03b623d16c42a228ac07830bc7e70225213971c1003fb4155fa041,[],"{""type"": ""FloatingPointError"", ""message"": ""Nonfinite samples in batch starting at 0"", ""traceback"": ""Traceback (most recent call last):\n  File \""/mnt/vast01/users/fouad.oubari/msgm/rafm-additions/experiments/rafm_inputs/run.py\"", line 394, in main\n    data=load_data(cfg); train(cfg,data,out,args.arm,args.seed); evaluate(cfg,data,out,args.arm,args.seed)\n  File \""/mnt/vast01/users/fouad.oubari/msgm/rafm-additions/experiments/rafm_inputs/run.py\"", line 321, in evaluate\n    generated=sample(cfg,model,data,cfg['evaluation']['n_samples'],cfg['evaluation']['sample_seed'])\n  File \""/mnt/vast01/users/fouad.oubari/msgm/msgm-sparse-control/.venv/lib/python3.10/site-packages/torch/utils/_contextlib.py\"", line 116, in decorate_context\n    return func(*args, **kwargs)\n  File \""/mnt/vast01/users/fouad.oubari/msgm/rafm-additions/experiments/rafm_inputs/run.py\"", line 252, in sample\n    raise FloatingPointError(f'Nonfinite samples in batch starting at {start}')\nFloatingPointError: Nonfinite samples in batch starting at 0\n""}",[]
student_t_d2_df3.0_cor,new_matched_realization,B,8925,complete,/mnt/vast01/users/fouad.oubari/msgm/rafm-additions/outputs_rafm_input_study/v1/final/student_t_d2_df3.0_cor/B/seed_8925/result.json,0f7ee248de51aae1eb72103976b7667e86009a8a4cd8e797dc83183ce1ab5ad8,[],null,[]
student_t_d2_df3.0_cor,new_matched_realization,B,77395,complete,/mnt/vast01/users/fouad.oubari/msgm/rafm-additions/outputs_rafm_input_study/v1/final/student_t_d2_df3.0_cor/B/seed_77395/result.json,cbf53c0f48e4bbb96ea11ac6e3e75fd42a6125e6de38cb1fb420cf2d1500601b,[],null,[]
student_t_d2_df3.0_cor,new_matched_realization,B,65457,complete,/mnt/vast01/users/fouad.oubari/msgm/rafm-additions/outputs_rafm_input_study/v1/final/student_t_d2_df3.0_cor/B/seed_65457/result.json,445e401c3d6b46bc3c609602f43a34d00d6152f41fe9e07faee5419466ca79a4,[],null,[]
student_t_d2_df3.0_cor,new_matched_realization,C,8925,complete,/mnt/vast01/users/fouad.oubari/msgm/rafm-additions/outputs_rafm_input_study/v1/final/student_t_d2_df3.0_cor/C/seed_8925/result.json,68cf700c1cfcc683e5bb7959ff22175ec4f18839f6bc2d3b1e998ae01fd49610,[],null,[]
student_t_d2_df3.0_cor,new_matched_realization,C,77395,complete,/mnt/vast01/users/fouad.oubari/msgm/rafm-additions/outputs_rafm_input_study/v1/final/student_t_d2_df3.0_cor/C/seed_77395/result.json,bda6317361168de70ec9794dc9df7c92d9e5a086018fef7df579247efeae60f5,[],null,[]
student_t_d2_df3.0_cor,new_matched_realization,C,65457,complete,/mnt/vast01/users/fouad.oubari/msgm/rafm-additions/outputs_rafm_input_study/v1/final/student_t_d2_df3.0_cor/C/seed_65457/result.json,8c1948444aa411bfc2ded07e91b1f0928489a882549404335ee8f8eb715b6cf7,[],null,[]
student_t_d32_df3.0_cor,new_matched_realization,A,8925,complete,/mnt/vast01/users/fouad.oubari/msgm/rafm-additions/outputs_rafm_input_study/v1/final/student_t_d32_df3.0_cor/A/seed_8925/result.json,15fd7d5654d260ef90f829c840750100b32d0a128e8ea03d860103b109f16917,[],null,[]
student_t_d32_df3.0_cor,new_matched_realization,A,77395,complete,/mnt/vast01/users/fouad.oubari/msgm/rafm-additions/outputs_rafm_input_study/v1/final/student_t_d32_df3.0_cor/A/seed_77395/result.json,a22b97c0af44174944ab7a979fe2f17c3266d2401c3a3baaa56331a4e5b85f3d,[],null,[]
student_t_d32_df3.0_cor,new_matched_realization,A,65457,complete,/mnt/vast01/users/fouad.oubari/msgm/rafm-additions/outputs_rafm_input_study/v1/final/student_t_d32_df3.0_cor/A/seed_65457/result.json,e668ccbdafd342713310ebfc842cfa2172914dd7d3c1fe4c090233bddbb6672b,[],null,[]
student_t_d32_df3.0_cor,new_matched_realization,B,8925,complete,/mnt/vast01/users/fouad.oubari/msgm/rafm-additions/outputs_rafm_input_study/v1/final/student_t_d32_df3.0_cor/B/seed_8925/result.json,e79ab6b365264243ca3c21cc01c73c18b7c388dfa9af6135ea6714b256e6085d,[],null,[]
student_t_d32_df3.0_cor,new_matched_realization,B,77395,complete,/mnt/vast01/users/fouad.oubari/msgm/rafm-additions/outputs_rafm_input_study/v1/final/student_t_d32_df3.0_cor/B/seed_77395/result.json,98da4f2de30f91f755b426b2631b2418301dc5e3cef60a621702824f4967662e,[],null,[]
student_t_d32_df3.0_cor,new_matched_realization,B,65457,complete,/mnt/vast01/users/fouad.oubari/msgm/rafm-additions/outputs_rafm_input_study/v1/final/student_t_d32_df3.0_cor/B/seed_65457/result.json,7e6ed53980b910a21462f7f29bcbcc7a882bbbcbb1afd837b8c66ec30a4b79a9,[],null,[]
student_t_d32_df3.0_cor,new_matched_realization,C,8925,complete,/mnt/vast01/users/fouad.oubari/msgm/rafm-additions/outputs_rafm_input_study/v1/final/student_t_d32_df3.0_cor/C/seed_8925/result.json,cd9af8ff17190da697300a7f55a305646637344ee88db57b0191efc6d59d3076,[],null,[]
student_t_d32_df3.0_cor,new_matched_realization,C,77395,complete,/mnt/vast01/users/fouad.oubari/msgm/rafm-additions/outputs_rafm_input_study/v1/final/student_t_d32_df3.0_cor/C/seed_77395/result.json,17c04189c1314dccea11e9d41ea27da40c51ec698d34023018b6bd8992cf5706,[],null,[]
student_t_d32_df3.0_cor,new_matched_realization,C,65457,complete,/mnt/vast01/users/fouad.oubari/msgm/rafm-additions/outputs_rafm_input_study/v1/final/student_t_d32_df3.0_cor/C/seed_65457/result.json,1bcb58242a3f789587d8a50594c120dd07e40763987c4dae2760f1709a8be7a9,[],null,[]
student_t_d64_df3.0_cor,new_matched_realization,A,8925,complete,/mnt/vast01/users/fouad.oubari/msgm/rafm-additions/outputs_rafm_input_study/v1/final/student_t_d64_df3.0_cor/A/seed_8925/result.json,86e44dd2b77c6068bd138834c32b32bd12cabb7f59bdeafac14cfd2f69a76b3a,[],null,[]
student_t_d64_df3.0_cor,new_matched_realization,A,77395,complete,/mnt/vast01/users/fouad.oubari/msgm/rafm-additions/outputs_rafm_input_study/v1/final/student_t_d64_df3.0_cor/A/seed_77395/result.json,46ee67b59cec6d4434ee60dc0968b74c791fe453354c88acce199186403e296a,[],null,[]
student_t_d64_df3.0_cor,new_matched_realization,A,65457,complete,/mnt/vast01/users/fouad.oubari/msgm/rafm-additions/outputs_rafm_input_study/v1/final/student_t_d64_df3.0_cor/A/seed_65457/result.json,db0c205deee58c3802eaa37cdf651211e8f74b98e41afac046a5f1b4f2dc08e0,[],null,[]
student_t_d64_df3.0_cor,new_matched_realization,B,8925,complete,/mnt/vast01/users/fouad.oubari/msgm/rafm-additions/outputs_rafm_input_study/v1/final/student_t_d64_df3.0_cor/B/seed_8925/result.json,560328a0e9313b76e745d36804028e0dcf2f301a08b073b345c591f9db6e5aa2,[],null,[]
student_t_d64_df3.0_cor,new_matched_realization,B,77395,complete,/mnt/vast01/users/fouad.oubari/msgm/rafm-additions/outputs_rafm_input_study/v1/final/student_t_d64_df3.0_cor/B/seed_77395/result.json,01ad5d9a10f56e22296900aaa474aed52d5275a1f89ff94875ddec8dfe910de6,[],null,[]
student_t_d64_df3.0_cor,new_matched_realization,B,65457,complete,/mnt/vast01/users/fouad.oubari/msgm/rafm-additions/outputs_rafm_input_study/v1/final/student_t_d64_df3.0_cor/B/seed_65457/result.json,cb0e690eaedc252daf6f509decd4014dfc7f459a53ae1ed75c3af6eba2486fa1,[],null,[]
student_t_d64_df3.0_cor,new_matched_realization,C,8925,complete,/mnt/vast01/users/fouad.oubari/msgm/rafm-additions/outputs_rafm_input_study/v1/final/student_t_d64_df3.0_cor/C/seed_8925/result.json,76b6e08753532b7b39206fb3727d606f8ec0eb7aeb4896eba1b3d5e6b52cdfdd,[],null,[]
student_t_d64_df3.0_cor,new_matched_realization,C,77395,complete,/mnt/vast01/users/fouad.oubari/msgm/rafm-additions/outputs_rafm_input_study/v1/final/student_t_d64_df3.0_cor/C/seed_77395/result.json,5cd95beec4e4a60923c9eab2075dd69e1387e3d92571ad6b185bae7f62cd123a,[],null,[]
student_t_d64_df3.0_cor,new_matched_realization,C,65457,complete,/mnt/vast01/users/fouad.oubari/msgm/rafm-additions/outputs_rafm_input_study/v1/final/student_t_d64_df3.0_cor/C/seed_65457/result.json,95c7ab60afdb8618b575c7314e7dbcc7f2cebd3b41a9da8a536ec555a27c9c88,[],null,[]
student_t_d8_df3.0_cor,new_matched_realization,A,8925,complete,/mnt/vast01/users/fouad.oubari/msgm/rafm-additions/outputs_rafm_input_study/v1/final/student_t_d8_df3.0_cor/A/seed_8925/result.json,3a5e378bd5521603c13e67196a07bf8e65cfa80f254e71263f219a48ac27b460,[],null,[]
student_t_d8_df3.0_cor,new_matched_realization,A,77395,complete,/mnt/vast01/users/fouad.oubari/msgm/rafm-additions/outputs_rafm_input_study/v1/final/student_t_d8_df3.0_cor/A/seed_77395/result.json,38364ebfc59b6797c170bf64aa9c92b50aec0e4e3cafdf4d5154b88105e0d572,[],null,[]
student_t_d8_df3.0_cor,new_matched_realization,A,65457,complete,/mnt/vast01/users/fouad.oubari/msgm/rafm-additions/outputs_rafm_input_study/v1/final/student_t_d8_df3.0_cor/A/seed_65457/result.json,d79f3909db3b31e73798d1752d1709a991dcf0dcc7bca05068e8739be9f9e70d,[],null,[]
student_t_d8_df3.0_cor,new_matched_realization,B,8925,complete,/mnt/vast01/users/fouad.oubari/msgm/rafm-additions/outputs_rafm_input_study/v1/final/student_t_d8_df3.0_cor/B/seed_8925/result.json,ba2acb4876a5a815fda6183e5fbb5b719f982db8062e8ee9ae176720f6b2755d,[],null,[]
student_t_d8_df3.0_cor,new_matched_realization,B,77395,complete,/mnt/vast01/users/fouad.oubari/msgm/rafm-additions/outputs_rafm_input_study/v1/final/student_t_d8_df3.0_cor/B/seed_77395/result.json,db260d355e4e3e45f79992a90e8987ddf6c923510a6eb200fec69eeb9e7f76e3,[],null,[]
student_t_d8_df3.0_cor,new_matched_realization,B,65457,complete,/mnt/vast01/users/fouad.oubari/msgm/rafm-additions/outputs_rafm_input_study/v1/final/student_t_d8_df3.0_cor/B/seed_65457/result.json,bc8c0bd6d8923f7cf525cbe665e5900f88b90a911aa35257e5409717af1aadf5,[],null,[]
student_t_d8_df3.0_cor,new_matched_realization,C,8925,complete,/mnt/vast01/users/fouad.oubari/msgm/rafm-additions/outputs_rafm_input_study/v1/final/student_t_d8_df3.0_cor/C/seed_8925/result.json,80fcd6be77b536e7fce1956f951ed08c114965bdf1207b7ddbcb82082493a9ac,[],null,[]
student_t_d8_df3.0_cor,new_matched_realization,C,77395,complete,/mnt/vast01/users/fouad.oubari/msgm/rafm-additions/outputs_rafm_input_study/v1/final/student_t_d8_df3.0_cor/C/seed_77395/result.json,2a183f2212f0eb19b132da252522b71f78404d8db372ac82fabfdf9ecad72023,[],null,[]
student_t_d8_df3.0_cor,new_matched_realization,C,65457,complete,/mnt/vast01/users/fouad.oubari/msgm/rafm-additions/outputs_rafm_input_study/v1/final/student_t_d8_df3.0_cor/C/seed_65457/result.json,b30bb7ab9a1062568cc6e09000411bf2ef57acfd33a81d29906e71679aa4d9fb,[],null,[]
toy_radial_angular,new_matched_realization,A,8925,complete,/mnt/vast01/users/fouad.oubari/msgm/rafm-additions/outputs_rafm_input_study/v1/final/toy_radial_angular/A/seed_8925/result.json,eb61c21a8e997e7982de2e49ebef175d7257a7a76f4c444d362e0b3ededa9a4e,[],null,[]
toy_radial_angular,new_matched_realization,A,77395,failed,/mnt/vast01/users/fouad.oubari/msgm/rafm-additions/outputs_rafm_input_study/v1/final/toy_radial_angular/A/seed_77395/result.json,c27e04312515e6d31d0d98c601fc4d363bcbbc7309bef988c07175b0f8704a96,[],"{""type"": ""FloatingPointError"", ""message"": ""Nonfinite samples in batch starting at 0"", ""traceback"": ""Traceback (most recent call last):\n  File \""/mnt/vast01/users/fouad.oubari/msgm/rafm-additions/experiments/rafm_inputs/run.py\"", line 394, in main\n    data=load_data(cfg); train(cfg,data,out,args.arm,args.seed); evaluate(cfg,data,out,args.arm,args.seed)\n  File \""/mnt/vast01/users/fouad.oubari/msgm/rafm-additions/experiments/rafm_inputs/run.py\"", line 321, in evaluate\n    generated=sample(cfg,model,data,cfg['evaluation']['n_samples'],cfg['evaluation']['sample_seed'])\n  File \""/mnt/vast01/users/fouad.oubari/msgm/msgm-sparse-control/.venv/lib/python3.10/site-packages/torch/utils/_contextlib.py\"", line 116, in decorate_context\n    return func(*args, **kwargs)\n  File \""/mnt/vast01/users/fouad.oubari/msgm/rafm-additions/experiments/rafm_inputs/run.py\"", line 252, in sample\n    raise FloatingPointError(f'Nonfinite samples in batch starting at {start}')\nFloatingPointError: Nonfinite samples in batch starting at 0\n""}",[]
toy_radial_angular,new_matched_realization,A,65457,failed,/mnt/vast01/users/fouad.oubari/msgm/rafm-additions/outputs_rafm_input_study/v1/final/toy_radial_angular/A/seed_65457/result.json,5cfe2fa04a552eb3d321c58e57ec7919359975d65088156fa1c3dbaa3408284f,[],"{""type"": ""FloatingPointError"", ""message"": ""Nonfinite samples in batch starting at 0"", ""traceback"": ""Traceback (most recent call last):\n  File \""/mnt/vast01/users/fouad.oubari/msgm/rafm-additions/experiments/rafm_inputs/run.py\"", line 394, in main\n    data=load_data(cfg); train(cfg,data,out,args.arm,args.seed); evaluate(cfg,data,out,args.arm,args.seed)\n  File \""/mnt/vast01/users/fouad.oubari/msgm/rafm-additions/experiments/rafm_inputs/run.py\"", line 321, in evaluate\n    generated=sample(cfg,model,data,cfg['evaluation']['n_samples'],cfg['evaluation']['sample_seed'])\n  File \""/mnt/vast01/users/fouad.oubari/msgm/msgm-sparse-control/.venv/lib/python3.10/site-packages/torch/utils/_contextlib.py\"", line 116, in decorate_context\n    return func(*args, **kwargs)\n  File \""/mnt/vast01/users/fouad.oubari/msgm/rafm-additions/experiments/rafm_inputs/run.py\"", line 252, in sample\n    raise FloatingPointError(f'Nonfinite samples in batch starting at {start}')\nFloatingPointError: Nonfinite samples in batch starting at 0\n""}",[]
toy_radial_angular,new_matched_realization,B,8925,failed,/mnt/vast01/users/fouad.oubari/msgm/rafm-additions/outputs_rafm_input_study/v1/final/toy_radial_angular/B/seed_8925/result.json,272344ab09ebe6e606636eb57fd0820507dd3160716c9ae992cb4b6f55623d9a,[],"{""type"": ""FloatingPointError"", ""message"": ""Nonfinite samples in batch starting at 0"", ""traceback"": ""Traceback (most recent call last):\n  File \""/mnt/vast01/users/fouad.oubari/msgm/rafm-additions/experiments/rafm_inputs/run.py\"", line 394, in main\n    data=load_data(cfg); train(cfg,data,out,args.arm,args.seed); evaluate(cfg,data,out,args.arm,args.seed)\n  File \""/mnt/vast01/users/fouad.oubari/msgm/rafm-additions/experiments/rafm_inputs/run.py\"", line 321, in evaluate\n    generated=sample(cfg,model,data,cfg['evaluation']['n_samples'],cfg['evaluation']['sample_seed'])\n  File \""/mnt/vast01/users/fouad.oubari/msgm/msgm-sparse-control/.venv/lib/python3.10/site-packages/torch/utils/_contextlib.py\"", line 116, in decorate_context\n    return func(*args, **kwargs)\n  File \""/mnt/vast01/users/fouad.oubari/msgm/rafm-additions/experiments/rafm_inputs/run.py\"", line 252, in sample\n    raise FloatingPointError(f'Nonfinite samples in batch starting at {start}')\nFloatingPointError: Nonfinite samples in batch starting at 0\n""}",[]
toy_radial_angular,new_matched_realization,B,77395,complete,/mnt/vast01/users/fouad.oubari/msgm/rafm-additions/outputs_rafm_input_study/v1/final/toy_radial_angular/B/seed_77395/result.json,d1930a5c0c9038c9d2cf6149f7c52a80dc4eae7a19dcfb3fff14129baf270b70,[],null,[]
toy_radial_angular,new_matched_realization,B,65457,failed,/mnt/vast01/users/fouad.oubari/msgm/rafm-additions/outputs_rafm_input_study/v1/final/toy_radial_angular/B/seed_65457/result.json,bbdbd06a1246bacb37faeb7c01064068ecfb91a7e63d8b9a30ddf9df45993b00,[],"{""type"": ""FloatingPointError"", ""message"": ""Nonfinite samples in batch starting at 0"", ""traceback"": ""Traceback (most recent call last):\n  File \""/mnt/vast01/users/fouad.oubari/msgm/rafm-additions/experiments/rafm_inputs/run.py\"", line 394, in main\n    data=load_data(cfg); train(cfg,data,out,args.arm,args.seed); evaluate(cfg,data,out,args.arm,args.seed)\n  File \""/mnt/vast01/users/fouad.oubari/msgm/rafm-additions/experiments/rafm_inputs/run.py\"", line 321, in evaluate\n    generated=sample(cfg,model,data,cfg['evaluation']['n_samples'],cfg['evaluation']['sample_seed'])\n  File \""/mnt/vast01/users/fouad.oubari/msgm/msgm-sparse-control/.venv/lib/python3.10/site-packages/torch/utils/_contextlib.py\"", line 116, in decorate_context\n    return func(*args, **kwargs)\n  File \""/mnt/vast01/users/fouad.oubari/msgm/rafm-additions/experiments/rafm_inputs/run.py\"", line 252, in sample\n    raise FloatingPointError(f'Nonfinite samples in batch starting at {start}')\nFloatingPointError: Nonfinite samples in batch starting at 0\n""}",[]
toy_radial_angular,new_matched_realization,C,8925,failed,/mnt/vast01/users/fouad.oubari/msgm/rafm-additions/outputs_rafm_input_study/v1/final/toy_radial_angular/C/seed_8925/result.json,01910570b8387511c139fdf08ff32519320c477adb6c35c723e3375e2bc0b6bc,[],"{""type"": ""FloatingPointError"", ""message"": ""Nonfinite samples in batch starting at 0"", ""traceback"": ""Traceback (most recent call last):\n  File \""/mnt/vast01/users/fouad.oubari/msgm/rafm-additions/experiments/rafm_inputs/run.py\"", line 394, in main\n    data=load_data(cfg); train(cfg,data,out,args.arm,args.seed); evaluate(cfg,data,out,args.arm,args.seed)\n  File \""/mnt/vast01/users/fouad.oubari/msgm/rafm-additions/experiments/rafm_inputs/run.py\"", line 321, in evaluate\n    generated=sample(cfg,model,data,cfg['evaluation']['n_samples'],cfg['evaluation']['sample_seed'])\n  File \""/mnt/vast01/users/fouad.oubari/msgm/msgm-sparse-control/.venv/lib/python3.10/site-packages/torch/utils/_contextlib.py\"", line 116, in decorate_context\n    return func(*args, **kwargs)\n  File \""/mnt/vast01/users/fouad.oubari/msgm/rafm-additions/experiments/rafm_inputs/run.py\"", line 252, in sample\n    raise FloatingPointError(f'Nonfinite samples in batch starting at {start}')\nFloatingPointError: Nonfinite samples in batch starting at 0\n""}",[]
toy_radial_angular,new_matched_realization,C,77395,failed,/mnt/vast01/users/fouad.oubari/msgm/rafm-additions/outputs_rafm_input_study/v1/final/toy_radial_angular/C/seed_77395/result.json,13eb0b6fb63a8851e6ad12facb544e56e7039b05a0393846ca45fab4c6aa2fdb,[],"{""type"": ""FloatingPointError"", ""message"": ""Nonfinite samples in batch starting at 0"", ""traceback"": ""Traceback (most recent call last):\n  File \""/mnt/vast01/users/fouad.oubari/msgm/rafm-additions/experiments/rafm_inputs/run.py\"", line 394, in main\n    data=load_data(cfg); train(cfg,data,out,args.arm,args.seed); evaluate(cfg,data,out,args.arm,args.seed)\n  File \""/mnt/vast01/users/fouad.oubari/msgm/rafm-additions/experiments/rafm_inputs/run.py\"", line 321, in evaluate\n    generated=sample(cfg,model,data,cfg['evaluation']['n_samples'],cfg['evaluation']['sample_seed'])\n  File \""/mnt/vast01/users/fouad.oubari/msgm/msgm-sparse-control/.venv/lib/python3.10/site-packages/torch/utils/_contextlib.py\"", line 116, in decorate_context\n    return func(*args, **kwargs)\n  File \""/mnt/vast01/users/fouad.oubari/msgm/rafm-additions/experiments/rafm_inputs/run.py\"", line 252, in sample\n    raise FloatingPointError(f'Nonfinite samples in batch starting at {start}')\nFloatingPointError: Nonfinite samples in batch starting at 0\n""}",[]
toy_radial_angular,new_matched_realization,C,65457,complete,/mnt/vast01/users/fouad.oubari/msgm/rafm-additions/outputs_rafm_input_study/v1/final/toy_radial_angular/C/seed_65457/result.json,d111b7cc28e97ba68de22620512ab21a9ea5628f0666bd2d7a53b75f2d291792,[],null,[]
weather_au_wind,new_matched_runs_on_verified_existing_cache,A,8925,complete,/mnt/vast01/users/fouad.oubari/msgm/rafm-additions/outputs_rafm_input_study/v1/final/weather_au_wind/A/seed_8925/result.json,872c24bb15728885f1e8cf84e3cd68c2e9cc9ef10997765e9e60d9ae84fe4273,[],null,[]
weather_au_wind,new_matched_runs_on_verified_existing_cache,A,77395,complete,/mnt/vast01/users/fouad.oubari/msgm/rafm-additions/outputs_rafm_input_study/v1/final/weather_au_wind/A/seed_77395/result.json,f60fad675fac92ce735026f0c4ef28ea0bce09eafc6f3a742663368f0c042978,[],null,[]
weather_au_wind,new_matched_runs_on_verified_existing_cache,A,65457,complete,/mnt/vast01/users/fouad.oubari/msgm/rafm-additions/outputs_rafm_input_study/v1/final/weather_au_wind/A/seed_65457/result.json,3d6aefa44fd21b974b203046b5e7837d5b180ea294f74fcb6cc8c0c6fda52aa3,[],null,[]
weather_au_wind,new_matched_runs_on_verified_existing_cache,B,8925,complete,/mnt/vast01/users/fouad.oubari/msgm/rafm-additions/outputs_rafm_input_study/v1/final/weather_au_wind/B/seed_8925/result.json,ac7af87dadda43d5f2b690ab81612896101de85882ba1629b3a22f5fc9ec24e7,[],null,[]
weather_au_wind,new_matched_runs_on_verified_existing_cache,B,77395,complete,/mnt/vast01/users/fouad.oubari/msgm/rafm-additions/outputs_rafm_input_study/v1/final/weather_au_wind/B/seed_77395/result.json,396a894d863fcd8b18a763a25e455e5a691926b6c3b4301c6c14edf07754aee5,[],null,[]
weather_au_wind,new_matched_runs_on_verified_existing_cache,B,65457,complete,/mnt/vast01/users/fouad.oubari/msgm/rafm-additions/outputs_rafm_input_study/v1/final/weather_au_wind/B/seed_65457/result.json,9960d4d451a281960c509d0d2fb140aef419d11b109ea6470df64fa099d63373,[],null,[]
weather_au_wind,new_matched_runs_on_verified_existing_cache,C,8925,complete,/mnt/vast01/users/fouad.oubari/msgm/rafm-additions/outputs_rafm_input_study/v1/final/weather_au_wind/C/seed_8925/result.json,50bed709622c035190e18be834b8304f1b993e7f46c0bec27951e74d9a49c11f,[],null,[]
weather_au_wind,new_matched_runs_on_verified_existing_cache,C,77395,complete,/mnt/vast01/users/fouad.oubari/msgm/rafm-additions/outputs_rafm_input_study/v1/final/weather_au_wind/C/seed_77395/result.json,58a871e1859669cb65499541436ac2d0b19286e5ad8e960e7fcd1158c82f20d6,[],null,[]
weather_au_wind,new_matched_runs_on_verified_existing_cache,C,65457,complete,/mnt/vast01/users/fouad.oubari/msgm/rafm-additions/outputs_rafm_input_study/v1/final/weather_au_wind/C/seed_65457/result.json,9cffe4c8e3c162afb323031ca74f6a34614c8a2aaab52ca55cf8667566eaef65,[],null,[]
